,Voto,Deputado,Partido,Estado
0,Arthur Lira,Chiquinho Brazão ,Avante,RJ
1,Arthur Lira,Greyce Elias ,Avante,MG
2,Arthur Lira,Leda Sadala ,Avante,AP
3,Arthur Lira,Luis Tibé ,Avante,MG
4,Arthur Lira,Sebastião Oliveira ,Avante,PE
5,Arthur Lira,Tito ,Avante,BA
6,Arthur Lira,Alan Rick ,DEM,AC
7,Arthur Lira,Arthur Oliveira Maia ,DEM,BA
8,Arthur Lira,Carlos Henrique  ,DEM,TO
9,Arthur Lira,David Soares ,DEM,SP
10,Arthur Lira,Dr. Zacharias Calil ,DEM,GO
11,Arthur Lira,Elmar Nascimento ,DEM,BA
12,Arthur Lira,Leur Lomanto Júnior ,DEM,BA
13,Arthur Lira,Luis Miranda ,DEM,DF
14,Arthur Lira,Norma Ayub ,DEM,ES
15,Arthur Lira,Onyx Lorenzoni ,DEM,RS
16,Arthur Lira,Pedro Lupion ,DEM,PR
17,Arthur Lira,Tereza Cristina ,DEM,MS
18,Arthur Lira,Daniela do Waguinho ,MDB,RJ
19,Arthur Lira,Osmar Terra ,MDB,RS
20,Arthur Lira,Alcides Rodrigues ,Patriota,GO
21,Arthur Lira,Dr. Frederico ,Patriota,MG
22,Arthur Lira,Fred Costa ,Patriota,MG
23,Arthur Lira,Marreca Filho ,Patriota,MA
24,Arthur Lira,Pastor Eurico ,Patriota,PE
25,Arthur Lira,Roman ,Patriota,PR
26,Arthur Lira,Gil Cutrim ,PDT,MA
27,Arthur Lira,Abílio Santana ,PL,BA
28,Arthur Lira,Aelton Freitas ,PL,MG
29,Arthur Lira,Altineu Côrtes ,PL,RJ
30,Arthur Lira,Bosco Costa ,PL,SE
31,Arthur Lira,Capitão Augusto ,PL,SP
32,Arthur Lira,Capitão Fábio Abreu ,PL,PI
33,Arthur Lira,Cristiano Vale ,PL,PA
34,Arthur Lira,Dr. Jaziel ,PL,CE
35,Arthur Lira,Edio Lopes ,PL,RR
36,Arthur Lira,Fernando Rodolfo ,PL,PE
37,Arthur Lira,Flávia Arruda ,PL,DF
38,Arthur Lira,Gelson Azevedo ,PL,RJ
39,Arthur Lira,Giacobo ,PL,PR
40,Arthur Lira,Giovani Cherini ,PL,RS
41,Arthur Lira,João Carlos Bacelar ,PL,BA
42,Arthur Lira,João Maia ,PL,RN
43,Arthur Lira,Jorge Goetten ,PL,SC
44,Arthur Lira,José Rocha ,PL,BA
45,Arthur Lira,Júnior Mano ,PL,CE
46,Arthur Lira,Lincoln Portela ,PL,MG
47,Arthur Lira,Luiz Carlos Motta ,PL,SP
48,Arthur Lira,Luiz Nishimori ,PL,PR
49,Arthur Lira,Magda Mofatto ,PL,GO
50,Arthur Lira,Marcelo Ramos ,PL,AM
51,Arthur Lira,Marcio Alvino ,PL,SP
52,Arthur Lira,Miguel Lombardi ,PL,SP
53,Arthur Lira,Pastor Gil ,PL,MA
54,Arthur Lira,Policial Katia Sastre ,PL,SP
55,Arthur Lira,Raimundo Costa ,PL,BA
56,Arthur Lira,Sergio Toledo ,PL,AL
57,Arthur Lira,Soraya Santos ,PL,RJ
58,Arthur Lira,Valdevan Noventa ,PL,SE
59,Arthur Lira,Vicentinho Júnior ,PL,TO
60,Arthur Lira,Vinicius Gurgel ,PL,AP
61,Arthur Lira,Wellington Roberto ,PL,PB
62,Arthur Lira,Zé Vitor ,PL,MG
63,Arthur Lira,Bacelar ,PODE,BA
64,Arthur Lira,Diego Garcia ,PODE,PR
65,Arthur Lira,José Medeiros ,PODE,MT
66,Arthur Lira,José Nelto ,PODE,GO
67,Arthur Lira,Renata Abreu ,PODE,SP
68,Arthur Lira,Ricardo Teobaldo ,PODE,PE
69,Arthur Lira,Roberto de Lucena ,PODE,SP
70,Arthur Lira,Adriano do Baldy ,PP,GO
71,Arthur Lira,Afonso Hamm ,PP,RS
72,Arthur Lira,AJ Albuquerque ,PP,CE
73,Arthur Lira,André Abdon ,PP,AP
74,Arthur Lira,André Fufuca ,PP,MA
75,Arthur Lira,Angela Amin ,PP,SC
76,Arthur Lira,Arthur Lira ,PP,AL
77,Arthur Lira,Átila Lins ,PP,AM
78,Arthur Lira,Átila Lira ,PP,PI
79,Arthur Lira,Beto Rosado ,PP,RN
80,Arthur Lira,Cacá Leão ,PP,BA
81,Arthur Lira,Celina Leão ,PP,DF
82,Arthur Lira,Christino Aureo ,PP,RJ
83,Arthur Lira,Claudio Cajado ,PP,BA
84,Arthur Lira,Dimas Fabiano ,PP,MG
85,Arthur Lira,Dr. Luiz Antonio Teixeira Jr. ,PP,RJ
86,Arthur Lira,Eduardo da Fonte ,PP,PE
87,Arthur Lira,Evair Vieira de Melo ,PP,ES
88,Arthur Lira,Fausto Pinato ,PP,SP
89,Arthur Lira,Fernando Monteiro ,PP,PE
90,Arthur Lira,Franco Cartafina ,PP,MG
91,Arthur Lira,Guilherme Derrite ,PP,SP
92,Arthur Lira,Guilherme Mussi ,PP,SP
93,Arthur Lira,Hiran Gonçalves ,PP,RR
94,Arthur Lira,Iracema Portella ,PP,PI
95,Arthur Lira,Jaqueline Cassol ,PP,RO
96,Arthur Lira,Jerônimo Goergen ,PP,RS
97,Arthur Lira,Laercio Oliveira ,PP,SE
98,Arthur Lira,Marcelo Aro ,PP,MG
99,Arthur Lira,Margarete Coelho ,PP,PI
100,Arthur Lira,Mário Negromonte Jr. ,PP,BA
101,Arthur Lira,Neri Geller ,PP,MT
102,Arthur Lira,Pedro Westphalen ,PP,RS
103,Arthur Lira,Pinheirinho ,PP,MG
104,Arthur Lira,Professor Alcides ,PP,GO
105,Arthur Lira,Ricardo Barros ,PP,PR
106,Arthur Lira,Ricardo Izar ,PP,SP
107,Arthur Lira,Ronaldo Carletto ,PP,BA
108,Arthur Lira,Schiavinato ,PP,PR
109,Arthur Lira,Boca Aberta ,PROS,PR
110,Arthur Lira,Capitão Wagner ,PROS,CE
111,Arthur Lira,Clarissa Garotinho ,PROS,RJ
112,Arthur Lira,Eros Biondini ,PROS,MG
113,Arthur Lira,Felipe Carreras ,PSB,PE
114,Arthur Lira,Liziane Bayer ,PSB,RS
115,Arthur Lira,Aluisio Mendes ,PSC,MA
116,Arthur Lira,André Ferreira ,PSC,PE
117,Arthur Lira,Gilberto Nascimento ,PSC,SP
118,Arthur Lira,Glaustin da Fokus ,PSC,GO
119,Arthur Lira,Lauriete ,PSC,ES
120,Arthur Lira,Osires Damaso ,PSC,TO
121,Arthur Lira,Otoni de Paula ,PSC,RJ
122,Arthur Lira,Paulo Eduardo Martins ,PSC,PR
123,Arthur Lira,Ricardo da Karol ,PSC,RJ
124,Arthur Lira,André de Paula ,PSD,PE
125,Arthur Lira,Antonio Brito ,PSD,BA
126,Arthur Lira,Cezinha de Madureira ,PSD,SP
127,Arthur Lira,Darci de Matos ,PSD,SC
128,Arthur Lira,Delegado Éder Mauro ,PSD,PA
129,Arthur Lira,Diego Andrade ,PSD,MG
130,Arthur Lira,Domingos Neto ,PSD,CE
131,Arthur Lira,Edilázio Júnior ,PSD,MA
132,Arthur Lira,Expedito Netto ,PSD,RO
133,Arthur Lira,Fabio Faria ,PSD,RN
134,Arthur Lira,Fábio Mitidieri ,PSD,SE
135,Arthur Lira,Flordelis ,PSD,RJ
136,Arthur Lira,Francisco Jr. ,PSD,GO
137,Arthur Lira,Haroldo Cathedral ,PSD,RR
138,Arthur Lira,Hugo Leal ,PSD,RJ
139,Arthur Lira,Joaquim Passarinho ,PSD,PA
140,Arthur Lira,José Nunes ,PSD,BA
141,Arthur Lira,Júlio Cesar ,PSD,PI
142,Arthur Lira,Júnior Ferrari ,PSD,PA
143,Arthur Lira,Marco Bertaiolli ,PSD,SP
144,Arthur Lira,Marx Beltrão ,PSD,AL
145,Arthur Lira,Misael Varella ,PSD,MG
146,Arthur Lira,Neucimar Fraga ,PSD,ES
147,Arthur Lira,Otto Alencar Filho ,PSD,BA
148,Arthur Lira,Paulo Magalhães ,PSD,BA
149,Arthur Lira,Pedro Augusto ,PSD,RJ
150,Arthur Lira,Reinhold Stephanes Junior ,PSD,PR
151,Arthur Lira,Sérgio Brito ,PSD,BA
152,Arthur Lira,Sidney Leite ,PSD,AM
153,Arthur Lira,Stefano Aguiar ,PSD,MG
154,Arthur Lira,Vermelho ,PSD,PR
155,Arthur Lira,Adolfo Viana ,PSDB,BA
156,Arthur Lira,Celso Sabino ,PSDB,PA
157,Arthur Lira,Edna Henrique ,PSDB,PB
158,Arthur Lira,Luiz Carlos ,PSDB,AP
159,Arthur Lira,Mara Rocha ,PSDB,AC
160,Arthur Lira,Pedro Cunha Lima ,PSDB,PB
161,Arthur Lira,Rose Modesto ,PSDB,MS
162,Arthur Lira,Alê Silva ,PSL,MG
163,Arthur Lira,Aline Sleutjes ,PSL,PR
164,Arthur Lira,Bia Kicis ,PSL,DF
165,Arthur Lira,Bibo Nunes ,PSL,RS
166,Arthur Lira,Carla Zambelli ,PSL,SP
167,Arthur Lira,Carlos Jordy ,PSL,RJ
168,Arthur Lira,Caroline de Toni ,PSL,SC
169,Arthur Lira,Chris Tonietto ,PSL,RJ
170,Arthur Lira,Coronel Armando ,PSL,SC
171,Arthur Lira,Coronel Chrisóstomo ,PSL,RO
172,Arthur Lira,Coronel Tadeu ,PSL,SP
173,Arthur Lira,Daniel Freitas ,PSL,SC
174,Arthur Lira,Daniel Silveira ,PSL,RJ
175,Arthur Lira,Delegado Antônio Furtado ,PSL,RJ
176,Arthur Lira,Dr. Luiz Ovando ,PSL,MS
177,Arthur Lira,Dra. Soraya Manato ,PSL,ES
178,Arthur Lira,Eduardo Bolsonaro ,PSL,SP
179,Arthur Lira,Filipe Barros ,PSL,PR
180,Arthur Lira,General Girão ,PSL,RN
181,Arthur Lira,Guiga Peixoto ,PSL,SP
182,Arthur Lira,Helio Lopes ,PSL,RJ
183,Arthur Lira,Junio Amaral ,PSL,MG
184,Arthur Lira,Léo Motta ,PSL,MG
185,Arthur Lira,Lourival Gomes ,PSL,RJ
186,Arthur Lira,Luiz Lima ,PSL,RJ
187,Arthur Lira,Luiz Philippe de Orleans e Bragança ,PSL,SP
188,Arthur Lira,Major Fabiana ,PSL,RJ
189,Arthur Lira,Marcelo Álvaro Antônio ,PSL,MG
190,Arthur Lira,Márcio Labre ,PSL,RJ
191,Arthur Lira,Nelson Barbudo ,PSL,MT
192,Arthur Lira,Nicoletti ,PSL,RR
193,Arthur Lira,Sanderson ,PSL,RS
194,Arthur Lira,Vitor Hugo ,PSL,GO
195,Arthur Lira,Luisa Canziani ,PTB,PR
196,Arthur Lira,Marcelo Moraes ,PTB,RS
197,Arthur Lira,Paulo Bengtson ,PTB,PA
198,Arthur Lira,Aline Gurgel ,Republicanos,AP
199,Arthur Lira,Amaro Neto ,Republicanos,ES
200,Arthur Lira,Aroldo Martins ,Republicanos,PR
201,Arthur Lira,Benes Leocádio ,Republicanos,RN
202,Arthur Lira,Capitão Alberto Neto ,Republicanos,AM
203,Arthur Lira,Carlos Gomes ,Republicanos,RS
204,Arthur Lira,Celso Russomanno ,Republicanos,SP
205,Arthur Lira,Cleber Verde ,Republicanos,MA
206,Arthur Lira,Gilberto Abramo ,Republicanos,MG
207,Arthur Lira,Hélio Costa ,Republicanos,SC
208,Arthur Lira,Hugo Motta ,Republicanos,PB
209,Arthur Lira,Jhonatan de Jesus ,Republicanos,RR
210,Arthur Lira,João Campos ,Republicanos,GO
211,Arthur Lira,João Roma ,Republicanos,BA
212,Arthur Lira,Jorge Braz ,Republicanos,RJ
213,Arthur Lira,Julio Cesar Ribeiro ,Republicanos,DF
214,Arthur Lira,Lafayette de Andrada ,Republicanos,MG
215,Arthur Lira,Luizão Goulart ,Republicanos,PR
216,Arthur Lira,Márcio Marinho ,Republicanos,BA
217,Arthur Lira,Marcos Pereira ,Republicanos,SP
218,Arthur Lira,Maria Rosas ,Republicanos,SP
219,Arthur Lira,Milton Vieira ,Republicanos,SP
220,Arthur Lira,Ossesio Silva ,Republicanos,PE
221,Arthur Lira,Pr. Marco Feliciano ,Republicanos,SP
222,Arthur Lira,Roberto Alves ,Republicanos,SP
223,Arthur Lira,Rosangela Gomes ,Republicanos,RJ
224,Arthur Lira,Severino Pessoa ,Republicanos,AL
225,Arthur Lira,Silas Câmara ,Republicanos,AM
226,Arthur Lira,Silvio Costa Filho ,Republicanos,PE
227,Arthur Lira,Vavá Martins ,Republicanos,PA
228,Arthur Lira,Vinicius Carvalho ,Republicanos,SP
229,Arthur Lira,Bosco Saraiva ,Solidariedade,AM
230,Arthur Lira,Dra. Vanda Milani ,Solidariedade,AC
231,Arthur Lira,Eli Borges ,Solidariedade,TO
232,Arthur Lira,Gustinho Ribeiro ,Solidariedade,SE
233,Arthur Lira,Marina Santos ,Solidariedade,PI
234,Arthur Lira,Ottaci Nascimento ,Solidariedade,RR
235,Arthur Lira,Tiago Dimas ,Solidariedade,TO
236,Arthur Lira,Zé Silva ,Solidariedade,MG
237,Baleia Rossi,Arnaldo Jardim ,Cidadania,SP
238,Baleia Rossi,Daniel Coelho ,Cidadania,PE
239,Baleia Rossi,Marcelo Calero ,Cidadania,RJ
240,Baleia Rossi,Rubens Bueno ,Cidadania,PR
241,Baleia Rossi,Alexandre Leite ,DEM,SP
242,Baleia Rossi,Aníbal Gomes ,DEM,CE
243,Baleia Rossi,Efraim Filho ,DEM,PB
244,Baleia Rossi,Eli Corrêa Filho ,DEM,SP
245,Baleia Rossi,Geninho Zuliani ,DEM,SP
246,Baleia Rossi,Juninho do Pneu ,DEM,RJ
247,Baleia Rossi,Pedro Paulo ,DEM,RJ
248,Baleia Rossi,Professora Dorinha Seabra Rezende ,DEM,TO
249,Baleia Rossi,Rodrigo Maia ,DEM,RJ
250,Baleia Rossi,Alceu Moreira ,MDB,RS
251,Baleia Rossi,Baleia Rossi ,MDB,SP
252,Baleia Rossi,Carlos Bezerra ,MDB,MT
253,Baleia Rossi,Carlos Chiodini ,MDB,SC
254,Baleia Rossi,Celso Maldaner ,MDB,SC
255,Baleia Rossi,Dulce Miranda ,MDB,TO
256,Baleia Rossi,Elcione Barbalho ,MDB,PA
257,Baleia Rossi,Fabio Reis ,MDB,SE
258,Baleia Rossi,Flaviano Melo ,MDB,AC
259,Baleia Rossi,Giovani Feltes ,MDB,RS
260,Baleia Rossi,Hercílio Coelho Diniz ,MDB,MG
261,Baleia Rossi,Herculano Passos ,MDB,SP
262,Baleia Rossi,Hermes Parcianello ,MDB,PR
263,Baleia Rossi,Hildo Rocha ,MDB,MA
264,Baleia Rossi,Isnaldo Bulhões Jr. ,MDB,AL
265,Baleia Rossi,João Marcelo Souza ,MDB,MA
266,Baleia Rossi,José Priante ,MDB,PA
267,Baleia Rossi,Juarez Costa ,MDB,MT
268,Baleia Rossi,Lucio Mosquini ,MDB,RO
269,Baleia Rossi,Márcio Biolchi ,MDB,RS
270,Baleia Rossi,Marcos Aurélio Sampaio ,MDB,PI
271,Baleia Rossi,Mauro Lopes ,MDB,MG
272,Baleia Rossi,Moses Rodrigues ,MDB,CE
273,Baleia Rossi,Raul Henry ,MDB,PE
274,Baleia Rossi,Sergio Souza ,MDB,PR
275,Baleia Rossi,Vinicius Farah ,MDB,RJ
276,Baleia Rossi,Walter Alves ,MDB,RN
277,Baleia Rossi,Alice Portugal ,PCdoB,BA
278,Baleia Rossi,Daniel Almeida ,PCdoB,BA
279,Baleia Rossi,Jandira Feghali ,PCdoB,RJ
280,Baleia Rossi,Marcio Jerry ,PCdoB,MA
281,Baleia Rossi,Orlando Silva ,PCdoB,SP
282,Baleia Rossi,Perpétua Almeida ,PCdoB,AC
283,Baleia Rossi,Renildo Calheiros ,PCdoB,PE
284,Baleia Rossi,Rubens Pereira Junior ,PCdoB,MA
285,Baleia Rossi,Afonso Motta ,PDT,RS
286,Baleia Rossi,André Figueiredo ,PDT,CE
287,Baleia Rossi,Chico D'Angelo ,PDT,RJ
288,Baleia Rossi,Dagoberto Nogueira ,PDT,MS
289,Baleia Rossi,Eduardo Bismarck ,PDT,CE
290,Baleia Rossi,Félix Mendonça Júnior ,PDT,BA
291,Baleia Rossi,Gustavo Fruet ,PDT,PR
292,Baleia Rossi,Jesus Sérgio ,PDT,AC
293,Baleia Rossi,Mário Heringer ,PDT,MG
294,Baleia Rossi,Tabata Amaral ,PDT,SP
295,Baleia Rossi,Túlio Gadêlha ,PDT,PE
296,Baleia Rossi,Wolney Queiroz ,PDT,PE
297,Baleia Rossi,Aguinaldo Ribeiro ,PP,PB
298,Baleia Rossi,Alessandro Molon ,PSB,RJ
299,Baleia Rossi,Bira do Pindaré ,PSB,MA
300,Baleia Rossi,Camilo Capiberibe ,PSB,AP
301,Baleia Rossi,Denis Bezerra ,PSB,CE
302,Baleia Rossi,Elias Vaz ,PSB,GO
303,Baleia Rossi,Felipe Rigoni ,PSB,ES
304,Baleia Rossi,Gervásio Maia ,PSB,PB
305,Baleia Rossi,Gonzaga Patriota ,PSB,PE
306,Baleia Rossi,Heitor Schuch ,PSB,RS
307,Baleia Rossi,Lídice da Mata ,PSB,BA
308,Baleia Rossi,Marcelo Nilo ,PSB,BA
309,Baleia Rossi,Mauro Nazif ,PSB,RO
310,Baleia Rossi,Milton Coelho ,PSB,PE
311,Baleia Rossi,Rafael Motta ,PSB,RN
312,Baleia Rossi,Rodrigo Agostinho ,PSB,SP
313,Baleia Rossi,Tadeu Alencar ,PSB,PE
314,Baleia Rossi,Ted Conti ,PSB,ES
315,Baleia Rossi,Vilson da Fetaemg ,PSB,MG
316,Baleia Rossi,Beto Pereira ,PSDB,MS
317,Baleia Rossi,Carlos Sampaio ,PSDB,SP
318,Baleia Rossi,Eduardo Barbosa ,PSDB,MG
319,Baleia Rossi,Eduardo Cury ,PSDB,SP
320,Baleia Rossi,Rodrigo de Castro ,PSDB,MG
321,Baleia Rossi,Samuel Moreira ,PSDB,SP
322,Baleia Rossi,Vanderlei Macris ,PSDB,SP
323,Baleia Rossi,Vitor Lippi ,PSDB,SP
324,Baleia Rossi,Bozzella ,PSL,SP
325,Baleia Rossi,Delegado Waldir ,PSL,GO
326,Baleia Rossi,Heitor Freire ,PSL,CE
327,Baleia Rossi,Luciano Bivar ,PSL,PE
328,Baleia Rossi,Afonso Florence ,PT,BA
329,Baleia Rossi,Airton Faleiro ,PT,PA
330,Baleia Rossi,Alencar Santana Braga ,PT,SP
331,Baleia Rossi,Alexandre Padilha ,PT,SP
332,Baleia Rossi,Arlindo Chinaglia ,PT,SP
333,Baleia Rossi,Benedita da Silva ,PT,RJ
334,Baleia Rossi,Beto Faro ,PT,PA
335,Baleia Rossi,Bohn Gass ,PT,RS
336,Baleia Rossi,Carlos Veras ,PT,PE
337,Baleia Rossi,Carlos Zarattini ,PT,SP
338,Baleia Rossi,Enio Verri ,PT,PR
339,Baleia Rossi,Erika Kokay ,PT,DF
340,Baleia Rossi,Frei Anastacio Ribeiro ,PT,PB
341,Baleia Rossi,Gleisi Hoffmann ,PT,PR
342,Baleia Rossi,João Daniel ,PT,SE
343,Baleia Rossi,Jorge Solla ,PT,BA
344,Baleia Rossi,José Guimarães ,PT,CE
345,Baleia Rossi,José Ricardo ,PT,AM
346,Baleia Rossi,Joseildo Ramos ,PT,BA
347,Baleia Rossi,Leo de Brito ,PT,AC
348,Baleia Rossi,Leonardo Monteiro ,PT,MG
349,Baleia Rossi,Maria do Rosário ,PT,RS
350,Baleia Rossi,Marília Arraes ,PT,PE
351,Baleia Rossi,Merlong Solano ,PT,PI
352,Baleia Rossi,Nilto Tatto ,PT,SP
353,Baleia Rossi,Odair Cunha ,PT,MG
354,Baleia Rossi,Patrus Ananias ,PT,MG
355,Baleia Rossi,Paulão ,PT,AL
356,Baleia Rossi,Paulo Teixeira ,PT,SP
357,Baleia Rossi,Professora Rosa Neide ,PT,MT
358,Baleia Rossi,Reginaldo Lopes ,PT,MG
359,Baleia Rossi,Rejane Dias ,PT,PI
360,Baleia Rossi,Rubens Otoni ,PT,GO
361,Baleia Rossi,Rui Falcão ,PT,SP
362,Baleia Rossi,Valmir Assunção ,PT,BA
363,Baleia Rossi,Vicentinho ,PT,SP
364,Baleia Rossi,Waldenor Pereira ,PT,BA
365,Baleia Rossi,Célio Studart ,PV,CE
366,Baleia Rossi,Enrico Misasi ,PV,SP
367,Baleia Rossi,Professor Israel Batista ,PV,DF
368,Baleia Rossi,Joenia Wapichana ,REDE,RR
369,Baleia Rossi,Paulo Pereira da Silva ,Solidariedade,SP
370,Luiza Erundina,Áurea Carolina ,PSOL,MG
371,Luiza Erundina,Fernanda Melchionna ,PSOL,RS
372,Luiza Erundina,Glauber Braga ,PSOL,RJ
373,Luiza Erundina,Ivan Valente ,PSOL,SP
374,Luiza Erundina,Luiza Erundina ,PSOL,SP
375,Luiza Erundina,Marcelo Freixo ,PSOL,RJ
376,Luiza Erundina,Sâmia Bomfim ,PSOL,SP
377,Luiza Erundina,Talíria Petrone ,PSOL,RJ
378,Luiza Erundina,Vivi Reis ,PSOL,PA
379,Van Hattem,Adriana Ventura ,NOVO,SP
380,Van Hattem,Alexis Fonteyne ,NOVO,SP
381,Van Hattem,Gilson Marques ,NOVO,SC
382,Van Hattem,Lucas Gonzalez ,NOVO,MG
383,Van Hattem,Marcel van Hattem ,NOVO,RS
384,Van Hattem,Paulo Ganime ,NOVO,RJ
385,Van Hattem,Tiago Mitraud ,NOVO,MG
386,Van Hattem,Vinicius Poit ,NOVO,SP
387,Fábio Ramalho,Fábio Ramalho ,MDB,MG
388,Fábio Ramalho,Júlio Delgado ,PSB,MG
389,Alexandre Frota,Alexandre Frota ,PSDB,SP
390,André Janones,André Janones ,Avante,MG
391,General Peternelli,General Peternelli ,PSL,SP
392,Não quis responder,Pastor Sargento Isidório ,Avante,BA
393,Não quis responder,Alex Manente ,Cidadania,SP
394,Não quis responder,Carmen Zanotto ,Cidadania,SC
395,Não quis responder,Da Vitoria ,Cidadania,ES
396,Não quis responder,Paula Belmonte ,Cidadania,DF
397,Não quis responder,Bilac Pinto ,DEM,MG
398,Não quis responder,Fernando Coelho Filho ,DEM,PE
399,Não quis responder,Hélio Leite ,DEM,PA
400,Não quis responder,Jose Mario Schreiner ,DEM,GO
401,Não quis responder,Juscelino Filho ,DEM,MA
402,Não quis responder,Kim Kataguiri ,DEM,SP
403,Não quis responder,Olival Marques ,DEM,PA
404,Não quis responder,Paulo Azi ,DEM,BA
405,Não quis responder,Sóstenes Cavalcante ,DEM,RJ
406,Não quis responder,Gutemberg Reis ,MDB,RJ
407,Não quis responder,Jéssica Sales ,MDB,AC
408,Não quis responder,Newton Cardoso Jr ,MDB,MG
409,Não quis responder,Professora Marcivania ,PCdoB,AP
410,Não quis responder,Alex Santana ,PDT,BA
411,Não quis responder,Damião Feliciano ,PDT,PB
412,Não quis responder,Fábio Henrique ,PDT,SE
413,Não quis responder,Flávia Morais ,PDT,GO
414,Não quis responder,Flávio Nogueira ,PDT,PI
415,Não quis responder,Idilvan Alencar ,PDT,CE
416,Não quis responder,Leônidas Cristino ,PDT,CE
417,Não quis responder,Paulo Ramos ,PDT,RJ
418,Não quis responder,Pompeo de Mattos ,PDT,RS
419,Não quis responder,Robério Monteiro ,PDT,CE
420,Não quis responder,Silvia Cristina ,PDT,RO
421,Não quis responder,Subtenente Gonzaga ,PDT,MG
422,Não quis responder,Christiane de Souza Yared ,PL,PR
423,Não quis responder,Gorete Pereira ,PL,CE
424,Não quis responder,Josimar Maranhãozinho ,PL,MA
425,Não quis responder,Junior Lourenço ,PL,MA
426,Não quis responder,Paulo Freire Costa ,PL,SP
427,Não quis responder,Tiririca ,PL,SP
428,Não quis responder,Igor Timo ,PODE,MG
429,Não quis responder,Josivaldo JP ,PODE,MA
430,Não quis responder,Léo Moraes ,PODE,RO
431,Não quis responder,Toninho Wandscheer ,PROS,PR
432,Não quis responder,Uldurico Junior ,PROS,BA
433,Não quis responder,Weliton Prado ,PROS,MG
434,Não quis responder,Aliel Machado ,PSB,PR
435,Não quis responder,Cássio Andrade ,PSB,PA
436,Não quis responder,Danilo Cabral ,PSB,PE
437,Não quis responder,Luciano Ducci ,PSB,PR
438,Não quis responder,Ricardo Silva ,PSB,SP
439,Não quis responder,Rodrigo Coelho ,PSB,SC
440,Não quis responder,Rosana Valle ,PSB,SP
441,Não quis responder,Euclydes Pettersen ,PSC,MG
442,Não quis responder,Charles Fernandes ,PSD,BA
443,Não quis responder,Danrlei de Deus Hinterholz ,PSD,RS
444,Não quis responder,Fábio Trad ,PSD,MS
445,Não quis responder,Ricardo Guidi ,PSD,SC
446,Não quis responder,Sargento Fahur ,PSD,PR
447,Não quis responder,Aécio Neves ,PSDB,MG
448,Não quis responder,Bruna Furlan ,PSDB,SP
449,Não quis responder,Célio Silveira ,PSDB,GO
450,Não quis responder,Daniel Trzeciak ,PSDB,RS
451,Não quis responder,Danilo Forte ,PSDB,CE
452,Não quis responder,Domingos Sávio ,PSDB,MG
453,Não quis responder,Geovania de Sá ,PSDB,SC
454,Não quis responder,Lucas Redecker ,PSDB,RS
455,Não quis responder,Nilson Pinto ,PSDB,PA
456,Não quis responder,Paulo Abi-Ackel ,PSDB,MG
457,Não quis responder,Pedro Vilela ,PSDB,AL
458,Não quis responder,Ruy Carneiro ,PSDB,PB
459,Não quis responder,Shéridan ,PSDB,RR
460,Não quis responder,Tereza Nelma ,PSDB,AL
461,Não quis responder,Abou Anni ,PSL,SP
462,Não quis responder,Charlles Evangelista ,PSL,MG
463,Não quis responder,Delegado Marcelo Freitas ,PSL,MG
464,Não quis responder,Delegado Pablo ,PSL,AM
465,Não quis responder,Fabio Schiochet ,PSL,SC
466,Não quis responder,Felício Laterça ,PSL,RJ
467,Não quis responder,Felipe Francischini ,PSL,PR
468,Não quis responder,Gurgel ,PSL,RJ
469,Não quis responder,Joice Hasselmann ,PSL,SP
470,Não quis responder,Julian Lemos ,PSL,PB
471,Não quis responder,Loester Trutis ,PSL,MS
472,Não quis responder,Nereu Crispim ,PSL,RS
473,Não quis responder,Professor Joziel ,PSL,RJ
474,Não quis responder,Professora Dayane Pimentel ,PSL,BA
475,Não quis responder,David Miranda ,PSOL,RJ
476,Não quis responder,Helder Salomão ,PT,ES
477,Não quis responder,Henrique Fontana ,PT,RS
478,Não quis responder,Marcon ,PT,RS
479,Não quis responder,Natália Bonavides ,PT,RN
480,Não quis responder,Padre João ,PT,MG
481,Não quis responder,Paulo Guedes ,PT,MG
482,Não quis responder,Paulo Pimenta ,PT,RS
483,Não quis responder,Pedro Uczai ,PT,SC
484,Não quis responder,Rogério Correia ,PT,MG
485,Não quis responder,Vander Loubet ,PT,MS
486,Não quis responder,Zé Carlos ,PT,MA
487,Não quis responder,Zé Neto ,PT,BA
488,Não quis responder,Zeca Dirceu ,PT,PR
489,Não quis responder,Eduardo Costa ,PTB,PA
490,Não quis responder,Emanuel Pinheiro Neto ,PTB,MT
491,Não quis responder,Maurício Dziedricki ,PTB,RS
492,Não quis responder,Nivaldo Albuquerque ,PTB,AL
493,Não quis responder,Pedro Augusto Bezerra ,PTB,CE
494,Não quis responder,Pedro Lucas Fernandes ,PTB,MA
495,Não quis responder,Santini ,PTB,RS
496,Não quis responder,Wilson Santiago ,PTB,PB
497,Não quis responder,Leandre ,PV,PR
498,Não quis responder,Augusto Coutinho ,Solidariedade,PE
499,Não quis responder,Aureo Ribeiro ,Solidariedade,RJ
500,Não quis responder,Dr. Leonardo ,Solidariedade,MT
501,Não quis responder,Genecias Noronha ,Solidariedade,CE
502,Não quis responder,Lucas Vergilio ,Solidariedade,GO
503,Não foi encontrado,Igor Kannário ,DEM,BA
504,Não foi encontrado,Marlon Santos ,PDT,RS
505,Não foi encontrado,Luiz Antônio Corrêa ,PL,RJ
506,Não foi encontrado,Acácio Favacho ,PROS,AP
507,Não foi encontrado,Vaidon Oliveira ,PROS,CE
508,Não foi encontrado,Emidinho Madeira ,PSB,MG
509,Não foi encontrado,Jefferson Campos ,PSB,SP
510,Não foi encontrado,Mariana Carvalho ,PSDB,RO
511,Não foi encontrado,Célio Moura ,PT,TO
512,Não foi encontrado,José Airton Félix Cirilo ,PT,CE
