;Nome da Marca;Tipo;Custo Unitario;Preco Unitario;ID Produto;Categoria
0;Contoso;Econômico;10,69;23.0;873;Acessório para Computador
1;Contoso;Econômico;6,63;13;879;Acessório para Computador
2;Contoso;Econômico;6,63;13;880;Acessório para Computador
3;Contoso;Econômico;6,63;13;881;Acessório para Computador
4;Contoso;Econômico;6,63;13;882;Acessório para Computador
5;Contoso;Econômico;25,49;50;887;Acessório para Computador
6;Contoso;Econômico;25,49;50;888;Acessório para Computador
7;Contoso;Econômico;25,49;50;889;Acessório para Computador
8;Contoso;Econômico;25,49;50;890;Acessório para Computador
9;Contoso;Econômico;9,13;17,9;833;Acessório para Computador
10;Contoso;Econômico;11,68;22,9;834;Acessório para Computador
11;Contoso;Econômico;26,97;52,9;835;Acessório para Computador
12;Contoso;Econômico;8,11;15,9;836;Acessório para Computador
13;Contoso;Econômico;6,07;11,9;837;Acessório para Computador
14;Contoso;Econômico;7,9;15,5;838;Acessório para Computador
15;Contoso;Econômico;7,09;13,9;841;Acessório para Computador
16;Contoso;Econômico;13,71;26,9;842;Acessório para Computador
17;Contoso;Econômico;13,71;26,9;843;Acessório para Computador
18;Contoso;Econômico;13,71;26,9;844;Acessório para Computador
19;Contoso;Econômico;15,27;29,95;800;Acessório para Computador
20;Contoso;Econômico;10,15;19,9;801;Acessório para Computador
21;Contoso;Econômico;7,9;15,5;802;Acessório para Computador
22;Contoso;Econômico;9,13;17,9;803;Acessório para Computador
23;Contoso;Econômico;11,68;22,9;804;Acessório para Computador
24;Contoso;Econômico;26,97;52,9;805;Acessório para Computador
25;Contoso;Econômico;8,11;15,9;806;Acessório para Computador
26;Contoso;Econômico;6,07;11,9;807;Acessório para Computador
27;Contoso;Econômico;6,6;12,95;808;Acessório para Computador
28;Contoso;Econômico;20,34;39,9;809;Acessório para Computador
29;Contoso;Econômico;7,9;15,5;767;Acessório para Computador
30;Contoso;Econômico;9,13;17,9;768;Acessório para Computador
31;Contoso;Econômico;11,68;22,9;769;Acessório para Computador
32;Contoso;Econômico;26,97;52,9;770;Acessório para Computador
33;Contoso;Econômico;8,11;15,9;771;Acessório para Computador
34;Contoso;Econômico;6,07;11,9;772;Acessório para Computador
35;Contoso;Econômico;8,11;15,9;773;Acessório para Computador
36;Contoso;Econômico;7,9;15,5;774;Acessório para Computador
37;Contoso;Econômico;7,09;13,9;777;Acessório para Computador
38;Contoso;Econômico;6,6;12,95;778;Acessório para Computador
39;Contoso;Econômico;20,34;39,9;779;Acessório para Computador
40;Contoso;Econômico;6,6;12,95;782;Acessório para Computador
41;Contoso;Econômico;6,88;13,5;783;Acessório para Computador
42;Contoso;Econômico;5,86;11,5;786;Acessório para Computador
43;Contoso;Econômico;4,84;9,5;787;Acessório para Computador
44;Contoso;Econômico;6,6;12,95;812;Acessório para Computador
45;Contoso;Econômico;6,88;13,5;813;Acessório para Computador
46;Contoso;Econômico;5,86;11,5;816;Acessório para Computador
47;Contoso;Econômico;4,84;9,5;817;Acessório para Computador
48;Contoso;Econômico;15,24;29,9;819;Acessório para Computador
49;Contoso;Econômico;13;25,5;820;Acessório para Computador
50;Contoso;Econômico;6,6;12,95;743;Acessório para Computador
51;Contoso;Econômico;20,34;39,9;744;Acessório para Computador
52;Contoso;Econômico;6,6;12,95;747;Acessório para Computador
53;Contoso;Econômico;6,88;13,5;748;Acessório para Computador
54;Contoso;Econômico;5,86;11,5;751;Acessório para Computador
55;Contoso;Econômico;4,84;9,5;752;Acessório para Computador
56;Contoso;Econômico;15,24;29,9;754;Acessório para Computador
57;Contoso;Econômico;13;25,5;755;Acessório para Computador
58;Contoso;Econômico;6,07;11,9;759;Acessório para Computador
59;Contoso;Econômico;7,09;13,9;760;Acessório para Computador
60;Contoso;Econômico;8,62;16,9;761;Acessório para Computador
61;Contoso;Econômico;15,27;29,95;765;Acessório para Computador
62;Contoso;Econômico;10,15;19,9;766;Acessório para Computador
63;Contoso;Econômico;15,24;29,9;789;Acessório para Computador
64;Contoso;Econômico;13;25,5;790;Acessório para Computador
65;Contoso;Econômico;6,07;11,9;794;Acessório para Computador
66;Contoso;Econômico;7,09;13,9;795;Acessório para Computador
67;Contoso;Econômico;8,62;16,9;796;Acessório para Computador
68;Contoso;Econômico;6,07;11,9;824;Acessório para Computador
69;Contoso;Econômico;7,09;13,9;825;Acessório para Computador
70;Contoso;Econômico;8,62;16,9;826;Acessório para Computador
71;Contoso;Econômico;15,27;29,95;830;Acessório para Computador
72;Contoso;Econômico;10,15;19,9;831;Acessório para Computador
73;Contoso;Econômico;7,9;15,5;832;Acessório para Computador
74;Contoso;Econômico;13,71;26,9;845;Acessório para Computador
75;Contoso;Econômico;7,95;15,6;846;Acessório para Computador
76;Contoso;Econômico;7,95;15,6;847;Acessório para Computador
77;Contoso;Econômico;7,95;15,6;848;Acessório para Computador
78;Contoso;Econômico;7,95;15,6;849;Acessório para Computador
79;Contoso;Econômico;10,69;20,96;870;Acessório para Computador
80;Contoso;Econômico;10,69;20,96;871;Acessório para Computador
81;Contoso;Econômico;10,69;20,96;872;Acessório para Computador
82;Contoso;Luxo;43,06;129,95;874;Acessório para Computador
83;Contoso;Luxo;43,06;129,95;875;Acessório para Computador
84;Contoso;Luxo;43,06;129,95;876;Acessório para Computador
85;Contoso;Luxo;43,06;129,95;877;Acessório para Computador
86;Contoso;Luxo;43,06;129,95;878;Acessório para Computador
87;Contoso;Luxo;49,7;150;883;Acessório para Computador
88;Contoso;Luxo;49,7;150;884;Acessório para Computador
89;Contoso;Luxo;49,7;150;885;Acessório para Computador
90;Contoso;Luxo;49,7;150;886;Acessório para Computador
91;Contoso;Regular;11,91;25,9;839;Acessório para Computador
92;Contoso;Regular;18,35;39,9;840;Acessório para Computador
93;Contoso;Luxo;13,22;39,9;799;Acessório para Computador
94;Contoso;Regular;5,29;11,5;775;Acessório para Computador
95;Contoso;Regular;10,99;23,9;776;Acessório para Computador
96;Contoso;Regular;9,17;19,95;780;Acessório para Computador
97;Contoso;Regular;7,59;16,5;781;Acessório para Computador
98;Contoso;Regular;7,59;16,5;784;Acessório para Computador
99;Contoso;Regular;4,37;9,5;785;Acessório para Computador
100;Contoso;Regular;5,29;11,5;788;Acessório para Computador
101;Contoso;Regular;9,17;19,95;810;Acessório para Computador
102;Contoso;Regular;7,59;16,5;811;Acessório para Computador
103;Contoso;Regular;7,59;16,5;814;Acessório para Computador
104;Contoso;Regular;4,37;9,5;815;Acessório para Computador
105;Contoso;Regular;5,29;11,5;818;Acessório para Computador
106;Contoso;Regular;9,17;19,95;745;Acessório para Computador
107;Contoso;Regular;7,59;16,5;746;Acessório para Computador
108;Contoso;Regular;7,59;16,5;749;Acessório para Computador
109;Contoso;Regular;4,37;9,5;750;Acessório para Computador
110;Contoso;Regular;5,29;11,5;753;Acessório para Computador
111;Contoso;Regular;13,75;29,9;756;Acessório para Computador
112;Contoso;Regular;12,83;27,9;757;Acessório para Computador
113;Contoso;Regular;12,83;27,9;758;Acessório para Computador
114;Contoso;Luxo;11,23;33,9;762;Acessório para Computador
115;Contoso;Regular;10,99;23,9;763;Acessório para Computador
116;Contoso;Luxo;13,22;39,9;764;Acessório para Computador
117;Contoso;Regular;13,75;29,9;791;Acessório para Computador
118;Contoso;Regular;12,83;27,9;792;Acessório para Computador
119;Contoso;Regular;12,83;27,9;793;Acessório para Computador
120;Contoso;Luxo;11,23;33,9;797;Acessório para Computador
121;Contoso;Regular;10,99;23,9;798;Acessório para Computador
122;Contoso;Regular;13,75;29,9;821;Acessório para Computador
123;Contoso;Regular;12,83;27,9;822;Acessório para Computador
124;Contoso;Regular;12,83;27,9;823;Acessório para Computador
125;Contoso;Luxo;11,23;33,9;827;Acessório para Computador
126;Contoso;Regular;10,99;23,9;828;Acessório para Computador
127;Contoso;Luxo;13,22;39,9;829;Acessório para Computador
128;Contoso;Luxo;76,5;230,9;850;Acessório para Computador
129;Contoso;Luxo;76,5;230,9;851;Acessório para Computador
130;Contoso;Luxo;76,5;230,9;852;Acessório para Computador
131;Contoso;Luxo;76,5;230,9;853;Acessório para Computador
132;Contoso;Regular;59,32;129;854;Acessório para Computador
133;Contoso;Regular;59,32;129;855;Acessório para Computador
134;Contoso;Regular;59,32;129;856;Acessório para Computador
135;Contoso;Regular;59,32;129;857;Acessório para Computador
136;Contoso;Regular;13,77;29,95;858;Acessório para Computador
137;Contoso;Regular;13,77;29,95;859;Acessório para Computador
138;Contoso;Regular;13,77;29,95;860;Acessório para Computador
139;Contoso;Regular;13,77;29,95;861;Acessório para Computador
140;Contoso;Regular;13,77;29,95;862;Acessório para Computador
141;Contoso;Regular;23,45;50,99;863;Acessório para Computador
142;Contoso;Regular;23,45;50,99;864;Acessório para Computador
143;Contoso;Regular;23,45;50,99;865;Acessório para Computador
144;Contoso;Regular;32,19;69,99;866;Acessório para Computador
145;Contoso;Regular;32,19;69,99;867;Acessório para Computador
146;Contoso;Regular;32,19;69,99;868;Acessório para Computador
147;Contoso;Regular;32,19;69,99;869;Acessório para Computador
148;Contoso;Regular;10,57;22,99;1352;Telefone para Casa & Escritório
149;Contoso;Regular;12,41;26,99;1353;Telefone para Casa & Escritório
150;Contoso;Regular;13,33;28,99;1354;Telefone para Casa & Escritório
151;Contoso;Regular;15,17;32,99;1355;Telefone para Casa & Escritório
152;Contoso;Regular;16,55;35,99;1356;Telefone para Casa & Escritório
153;Contoso;Regular;17,93;38,99;1357;Telefone para Casa & Escritório
154;Contoso;Regular;18,39;39,99;1358;Telefone para Casa & Escritório
155;Contoso;Luxo;14,24;42,99;1359;Telefone para Casa & Escritório
156;Contoso;Luxo;15,57;46,99;1360;Telefone para Casa & Escritório
157;Contoso;Luxo;16,56;49,99;1361;Telefone para Casa & Escritório
158;Contoso;Regular;7,81;16,99;1362;Telefone para Casa & Escritório
159;Contoso;Regular;10,57;22,99;1363;Telefone para Casa & Escritório
160;Contoso;Econômico;5,09;9,99;1316;Telefone para Casa & Escritório
161;Contoso;Econômico;6,62;12,99;1317;Telefone para Casa & Escritório
162;Contoso;Econômico;8,66;16,99;1318;Telefone para Casa & Escritório
163;Contoso;Regular;10,57;22,99;1319;Telefone para Casa & Escritório
164;Contoso;Regular;12,41;26,99;1320;Telefone para Casa & Escritório
165;Contoso;Regular;13,33;28,99;1321;Telefone para Casa & Escritório
166;Contoso;Regular;15,17;32,99;1322;Telefone para Casa & Escritório
167;Contoso;Regular;16,55;35,99;1323;Telefone para Casa & Escritório
168;Contoso;Regular;17,93;38,99;1324;Telefone para Casa & Escritório
169;Contoso;Regular;18,39;39,99;1325;Telefone para Casa & Escritório
170;Contoso;Luxo;14,24;42,99;1326;Telefone para Casa & Escritório
171;Contoso;Luxo;15,57;46,99;1327;Telefone para Casa & Escritório
172;Contoso;Luxo;16,56;49,99;1328;Telefone para Casa & Escritório
173;Contoso;Regular;7,81;16,99;1329;Telefone para Casa & Escritório
174;Contoso;Regular;10,57;22,99;1330;Telefone para Casa & Escritório
175;Contoso;Regular;12,41;26,99;1331;Telefone para Casa & Escritório
176;Contoso;Regular;13,33;28,99;1332;Telefone para Casa & Escritório
177;Contoso;Regular;15,17;32,99;1333;Telefone para Casa & Escritório
178;Contoso;Regular;16,55;35,99;1334;Telefone para Casa & Escritório
179;Contoso;Regular;18,48;40,19;1335;Telefone para Casa & Escritório
180;Contoso;Regular;20,15;43,81;1336;Telefone para Casa & Escritório
181;Contoso;Regular;21,82;47,44;1337;Telefone para Casa & Escritório
182;Contoso;Regular;15,17;32,99;1338;Telefone para Casa & Escritório
183;Contoso;Regular;16,55;35,99;1339;Telefone para Casa & Escritório
184;Contoso;Econômico;7,23;14,19;1340;Telefone para Casa & Escritório
185;Contoso;Econômico;8,16;16;1341;Telefone para Casa & Escritório
186;Contoso;Luxo;13,92;42;1342;Telefone para Casa & Escritório
187;Contoso;Luxo;10,27;31;1343;Telefone para Casa & Escritório
188;Contoso;Econômico;8,16;16;1344;Telefone para Casa & Escritório
189;Contoso;Regular;10,12;22;1345;Telefone para Casa & Escritório
190;Contoso;Regular;10,58;23;1346;Telefone para Casa & Escritório
191;Contoso;Regular;9,66;21;1347;Telefone para Casa & Escritório
192;Contoso;Regular;10,57;22,99;1348;Telefone para Casa & Escritório
193;Contoso;Econômico;5,09;9,99;1349;Telefone para Casa & Escritório
194;Contoso;Econômico;6,62;12,99;1350;Telefone para Casa & Escritório
195;Contoso;Econômico;8,66;16,99;1351;Telefone para Casa & Escritório
196;Contoso;Regular;12,41;26,99;1364;Telefone para Casa & Escritório
197;Contoso;Regular;13,33;28,99;1365;Telefone para Casa & Escritório
198;Contoso;Regular;15,17;32,99;1366;Telefone para Casa & Escritório
199;Contoso;Regular;16,55;35,99;1367;Telefone para Casa & Escritório
200;Contoso;Regular;18,48;40,19;1368;Telefone para Casa & Escritório
201;Contoso;Regular;20,15;43,81;1369;Telefone para Casa & Escritório
202;Contoso;Regular;21,82;47,44;1370;Telefone para Casa & Escritório
203;Contoso;Regular;15,17;32,99;1371;Telefone para Casa & Escritório
204;Contoso;Regular;16,55;35,99;1372;Telefone para Casa & Escritório
205;Contoso;Econômico;7,23;14,19;1373;Telefone para Casa & Escritório
206;Contoso;Econômico;8,16;16;1374;Telefone para Casa & Escritório
207;Contoso;Luxo;13,92;42;1375;Telefone para Casa & Escritório
208;Contoso;Luxo;10,27;31;1376;Telefone para Casa & Escritório
209;Contoso;Econômico;8,16;16;1377;Telefone para Casa & Escritório
210;Contoso;Regular;10,12;22;1378;Telefone para Casa & Escritório
211;Contoso;Regular;10,58;23;1379;Telefone para Casa & Escritório
212;Contoso;Regular;9,66;21;1380;Telefone para Casa & Escritório
213;Contoso;Regular;10,57;22,99;1381;Telefone para Casa & Escritório
214;Contoso;Econômico;5,09;9,99;1382;Telefone para Casa & Escritório
215;Contoso;Econômico;6,62;12,99;1383;Telefone para Casa & Escritório
216;Contoso;Econômico;8,66;16,99;1384;Telefone para Casa & Escritório
217;Contoso;Regular;10,57;22,99;1385;Telefone para Casa & Escritório
218;Contoso;Regular;12,41;26,99;1386;Telefone para Casa & Escritório
219;Contoso;Regular;13,33;28,99;1387;Telefone para Casa & Escritório
220;Contoso;Regular;15,17;32,99;1388;Telefone para Casa & Escritório
221;Contoso;Regular;16,55;35,99;1389;Telefone para Casa & Escritório
222;Contoso;Regular;17,93;38,99;1390;Telefone para Casa & Escritório
223;Contoso;Regular;18,39;39,99;1391;Telefone para Casa & Escritório
224;Contoso;Luxo;14,24;42,99;1392;Telefone para Casa & Escritório
225;Contoso;Luxo;15,57;46,99;1393;Telefone para Casa & Escritório
226;Contoso;Luxo;16,56;49,99;1394;Telefone para Casa & Escritório
227;Contoso;Regular;7,81;16,99;1395;Telefone para Casa & Escritório
228;Contoso;Regular;10,57;22,99;1396;Telefone para Casa & Escritório
229;Contoso;Regular;12,41;26,99;1397;Telefone para Casa & Escritório
230;Contoso;Regular;13,33;28,99;1398;Telefone para Casa & Escritório
231;Contoso;Regular;15,17;32,99;1399;Telefone para Casa & Escritório
232;Contoso;Regular;16,55;35,99;1400;Telefone para Casa & Escritório
233;Contoso;Regular;18,48;40,19;1401;Telefone para Casa & Escritório
234;Contoso;Regular;20,15;43,81;1402;Telefone para Casa & Escritório
235;Contoso;Regular;21,82;47,44;1403;Telefone para Casa & Escritório
236;Contoso;Regular;15,17;32,99;1404;Telefone para Casa & Escritório
237;Contoso;Regular;16,55;35,99;1405;Telefone para Casa & Escritório
238;Contoso;Econômico;7,23;14,19;1406;Telefone para Casa & Escritório
239;Contoso;Econômico;8,16;16;1407;Telefone para Casa & Escritório
240;Contoso;Econômico;10,19;19,99;1256;Acessório para Câmera
241;Contoso;Econômico;20,39;39,99;1257;Acessório para Câmera
242;Contoso;Econômico;20,39;39,99;1258;Acessório para Câmera
243;Contoso;Econômico;3,54;6,95;1271;Acessório para Câmera
244;Contoso;Econômico;3,54;6,95;1272;Acessório para Câmera
245;Contoso;Econômico;3,54;6,95;1273;Acessório para Câmera
246;Contoso;Econômico;26,58;52,13;1274;Acessório para Câmera
247;Contoso;Econômico;26,58;52,13;1275;Acessório para Câmera
248;Contoso;Econômico;26,58;52,13;1276;Acessório para Câmera
249;Contoso;Econômico;26,58;52,13;1277;Acessório para Câmera
250;Contoso;Econômico;7,64;14,99;1278;Acessório para Câmera
251;Contoso;Econômico;7,64;14,99;1279;Acessório para Câmera
252;Contoso;Econômico;7,64;14,99;1280;Acessório para Câmera
253;Contoso;Econômico;7,64;14,99;1281;Acessório para Câmera
254;Contoso;Econômico;12,74;24,99;1282;Acessório para Câmera
255;Contoso;Econômico;25,49;49,99;1247;Acessório para Câmera
256;Contoso;Econômico;25,49;49,99;1248;Acessório para Câmera
257;Contoso;Econômico;25,49;49,99;1249;Acessório para Câmera
258;Contoso;Econômico;30,58;59,99;1250;Acessório para Câmera
259;Contoso;Econômico;30,58;59,99;1251;Acessório para Câmera
260;Contoso;Econômico;30,58;59,99;1252;Acessório para Câmera
261;Contoso;Econômico;10,19;19,99;1253;Acessório para Câmera
262;Contoso;Econômico;10,19;19,99;1254;Acessório para Câmera
263;Contoso;Econômico;10,19;19,99;1255;Acessório para Câmera
264;Contoso;Econômico;20,39;39,99;1259;Acessório para Câmera
265;Contoso;Econômico;18,86;36,99;1260;Acessório para Câmera
266;Contoso;Econômico;18,86;36,99;1261;Acessório para Câmera
267;Contoso;Econômico;18,86;36,99;1262;Acessório para Câmera
268;Contoso;Econômico;35,68;69,99;1263;Acessório para Câmera
269;Contoso;Econômico;35,68;69,99;1264;Acessório para Câmera
270;Contoso;Econômico;35,68;69,99;1265;Acessório para Câmera
271;Contoso;Econômico;25,47;49,96;1266;Acessório para Câmera
272;Contoso;Econômico;25,47;49,96;1267;Acessório para Câmera
273;Contoso;Econômico;25,47;49,96;1268;Acessório para Câmera
274;Contoso;Econômico;25,47;49,96;1269;Acessório para Câmera
275;Contoso;Econômico;3,54;6,95;1270;Acessório para Câmera
276;Contoso;Econômico;12,74;24,99;1283;Acessório para Câmera
277;Contoso;Econômico;12,74;24,99;1284;Acessório para Câmera
278;Contoso;Econômico;12,74;24,99;1285;Acessório para Câmera
279;Contoso;Econômico;39,76;77,99;1286;Acessório para Câmera
280;Contoso;Econômico;39,76;77,99;1287;Acessório para Câmera
281;Contoso;Econômico;39,76;77,99;1288;Acessório para Câmera
282;Contoso;Econômico;39,76;77,99;1289;Acessório para Câmera
283;Contoso;Luxo;121,45;366,55;1290;Acessório para Câmera
284;Contoso;Luxo;121,45;366,55;1291;Acessório para Câmera
285;Contoso;Luxo;121,45;366,55;1292;Acessório para Câmera
286;Contoso;Luxo;197,14;595;1293;Acessório para Câmera
287;Contoso;Luxo;197,14;595;1294;Acessório para Câmera
288;Contoso;Luxo;197,14;595;1295;Acessório para Câmera
289;Contoso;Regular;11,5;25;1296;Acessório para Câmera
290;Contoso;Regular;11,5;25;1297;Acessório para Câmera
291;Contoso;Regular;11,5;25;1298;Acessório para Câmera
292;Contoso;Regular;11,5;25;1299;Acessório para Câmera
293;Contoso;Regular;43,69;95;1300;Acessório para Câmera
294;Contoso;Regular;43,69;95;1301;Acessório para Câmera
295;Contoso;Regular;43,69;95;1302;Acessório para Câmera
296;Contoso;Regular;43,69;95;1303;Acessório para Câmera
297;Contoso;Regular;31,27;68;1304;Acessório para Câmera
298;Contoso;Regular;31,27;68;1305;Acessório para Câmera
299;Contoso;Regular;31,27;68;1306;Acessório para Câmera
300;Contoso;Regular;31,27;68;1307;Acessório para Câmera
301;Contoso;Econômico;14,28;28;1308;Acessório para Câmera
302;Contoso;Econômico;14,28;28;1309;Acessório para Câmera
303;Contoso;Econômico;14,28;28;1310;Acessório para Câmera
304;Contoso;Econômico;14,28;28;1311;Acessório para Câmera
305;Contoso;Regular;94,27;205;1312;Acessório para Câmera
306;Contoso;Regular;94,27;205;1313;Acessório para Câmera
307;Contoso;Regular;94,27;205;1314;Acessório para Câmera
308;Contoso;Regular;94,27;205;1315;Acessório para Câmera
309;Contoso;Econômico;6,62;12,99;1;Aparelho de Som
310;Contoso;Econômico;6,62;12,99;2;Aparelho de Som
311;Contoso;Econômico;7,4;14,52;3;Aparelho de Som
312;Contoso;Econômico;11;21,57;4;Aparelho de Som
313;Contoso;Econômico;11;21,57;5;Aparelho de Som
314;Contoso;Econômico;11;21,57;6;Aparelho de Som
315;Contoso;Econômico;11;21,57;7;Aparelho de Som
316;Contoso;Econômico;30,58;59,99;8;Aparelho de Som
317;Contoso;Econômico;30,58;59,99;9;Aparelho de Som
318;Contoso;Econômico;30,58;59,99;10;Aparelho de Som
319;Contoso;Econômico;30,58;59,99;11;Aparelho de Som
320;Contoso;Econômico;35,72;77,68;12;Aparelho de Som
321;Contoso;Econômico;35,72;77,68;13;Aparelho de Som
322;Contoso;Econômico;35,72;77,68;14;Aparelho de Som
323;Contoso;Econômico;35,72;77,68;15;Aparelho de Som
324;Contoso;Luxo;99,14;299,23;37;Aparelho de Som
325;Contoso;Luxo;99,14;299,23;38;Aparelho de Som
326;Contoso;Luxo;99,14;299,23;39;Aparelho de Som
327;Contoso;Luxo;99,14;299,23;40;Aparelho de Som
328;Contoso;Econômico;152,44;299;240;Home Theater
329;Contoso;Econômico;101,46;199;249;Home Theater
330;Contoso;Econômico;152,44;299;253;Home Theater
331;Contoso;Econômico;101,46;199;262;Home Theater
332;Contoso;Econômico;152,44;299;266;Home Theater
333;Contoso;Econômico;101,46;199;275;Home Theater
334;Contoso;Econômico;152,44;299;279;Home Theater
335;Contoso;Econômico;101,46;199;288;Home Theater
336;Contoso;Econômico;148,08;322;1106;Câmera Digital SLR
337;Contoso;Econômico;86,91;189;1468;Smartphone
338;Contoso;Econômico;91,97;200;1469;Smartphone
339;Contoso;Econômico;91,51;199;1465;Smartphone
340;Contoso;Luxo;760,38;2295;575;Projetor
341;Contoso;Luxo;827,97;2499;576;Projetor
342;Contoso;Econômico;62,95;190;584;Projetor
343;Contoso;Econômico;70,87;139;585;Projetor
344;Contoso;Econômico;55,57;109;586;Projetor
345;Contoso;Luxo;760,38;2295;587;Projetor
346;Contoso;Luxo;827,97;2499;588;Projetor
347;Contoso;Econômico;62,95;190;596;Projetor
348;Contoso;Econômico;70,87;139;597;Projetor
349;Contoso;Econômico;55,57;109;598;Projetor
350;Contoso;Luxo;760,38;2295;599;Projetor
351;Contoso;Luxo;827,97;2499;600;Projetor
352;Contoso;Econômico;62,95;190;608;Projetor
353;Contoso;Econômico;70,87;139;609;Projetor
354;Contoso;Econômico;55,57;109;610;Projetor
355;Contoso;Luxo;211,05;637;1076;Câmera Digital SLR
356;Contoso;Econômico;144,4;314;1078;Câmera Digital SLR
357;Contoso;Luxo;214,03;646;1080;Câmera Digital SLR
358;Contoso;Econômico;139,8;304;1082;Câmera Digital SLR
359;Contoso;Luxo;214,03;646;1084;Câmera Digital SLR
360;Contoso;Econômico;139,8;304;1086;Câmera Digital SLR
361;Contoso;Luxo;222,98;673;1088;Câmera Digital SLR
362;Contoso;Luxo;222,98;673;1092;Câmera Digital SLR
363;Contoso;Luxo;209,39;632;1096;Câmera Digital SLR
364;Contoso;Luxo;209,39;632;1100;Câmera Digital SLR
365;Contoso;Econômico;6,62;12,99;1621;Filme DVD
366;Contoso;Luxo;72,56;219;1622;Filme DVD
367;Contoso;Luxo;72,56;219;1623;Filme DVD
368;Contoso;Luxo;72,56;219;1624;Filme DVD
369;Contoso;Luxo;72,56;219;1625;Filme DVD
370;Contoso;Luxo;72,56;219;1626;Filme DVD
371;Contoso;Econômico;5,09;9,99;1629;Filme DVD
372;Contoso;Luxo;7,58;22,89;1630;Filme DVD
373;Contoso;Econômico;5,09;9,99;1634;Filme DVD
374;Contoso;Luxo;7,58;22,89;1635;Filme DVD
375;Contoso;Econômico;5,09;9,99;1639;Filme DVD
376;Contoso;Luxo;7,58;22,89;1640;Filme DVD
377;Contoso;Econômico;56,08;109,99;1648;Filme DVD
378;Contoso;Luxo;86,14;259,99;1649;Filme DVD
379;Contoso;Luxo;96,08;289,99;1650;Filme DVD
380;Contoso;Econômico;56,08;109,99;1653;Filme DVD
381;Contoso;Luxo;86,14;259,99;1654;Filme DVD
382;Contoso;Luxo;96,08;289,99;1655;Filme DVD
383;Contoso;Econômico;56,08;109,99;1658;Filme DVD
384;Contoso;Luxo;86,14;259,99;1659;Filme DVD
385;Contoso;Luxo;96,08;289,99;1660;Filme DVD
386;Contoso;Econômico;7,64;14,99;2488;Acessórios para Telefone & Tablet
387;Contoso;Econômico;7,64;14,99;2489;Acessórios para Telefone & Tablet
388;Contoso;Econômico;7,64;14,99;2490;Acessórios para Telefone & Tablet
389;Contoso;Econômico;12,74;24,99;2491;Acessórios para Telefone & Tablet
390;Contoso;Econômico;12,74;24,99;2492;Acessórios para Telefone & Tablet
391;Contoso;Econômico;12,74;24,99;2493;Acessórios para Telefone & Tablet
392;Contoso;Econômico;1,5;2,94;2494;Acessórios para Telefone & Tablet
393;Contoso;Econômico;5,09;9,99;2495;Acessórios para Telefone & Tablet
394;Contoso;Econômico;5,09;9,99;2496;Acessórios para Telefone & Tablet
395;Contoso;Econômico;5,09;9,99;2497;Acessórios para Telefone & Tablet
396;Contoso;Econômico;12,09;23,72;2498;Acessórios para Telefone & Tablet
397;Contoso;Econômico;12,09;23,72;2499;Acessórios para Telefone & Tablet
398;Contoso;Econômico;12,09;23,72;2500;Acessórios para Telefone & Tablet
399;Contoso;Econômico;12,09;23,72;2501;Acessórios para Telefone & Tablet
400;Contoso;Econômico;5,09;9,99;2502;Acessórios para Telefone & Tablet
401;Contoso;Econômico;5,09;9,99;2503;Acessórios para Telefone & Tablet
402;Contoso;Econômico;5,09;9,99;2504;Acessórios para Telefone & Tablet
403;Contoso;Econômico;5,09;9,99;2505;Acessórios para Telefone & Tablet
404;Contoso;Econômico;2,42;4,74;2506;Acessórios para Telefone & Tablet
405;Contoso;Econômico;2,42;4,74;2507;Acessórios para Telefone & Tablet
406;Contoso;Econômico;2,42;4,74;2508;Acessórios para Telefone & Tablet
407;Contoso;Econômico;2,07;4,06;2509;Acessórios para Telefone & Tablet
408;Contoso;Econômico;2,07;4,06;2510;Acessórios para Telefone & Tablet
409;Contoso;Econômico;2,07;4,06;2511;Acessórios para Telefone & Tablet
410;Contoso;Luxo;43,07;129,99;2512;Acessórios para Telefone & Tablet
411;Contoso;Luxo;43,07;129,99;2513;Acessórios para Telefone & Tablet
412;Contoso;Luxo;43,07;129,99;2514;Acessórios para Telefone & Tablet
413;Contoso;Econômico;1,71;3,35;2515;Acessórios para Telefone & Tablet
414;Contoso;Econômico;1,71;3,35;2516;Acessórios para Telefone & Tablet
415;Contoso;Econômico;1,71;3,35;2517;Acessórios para Telefone & Tablet
416;Contoso;Regular;50,56;109,95;16;Aparelho de Som
417;Contoso;Regular;50,56;109,95;17;Aparelho de Som
418;Contoso;Regular;50,56;109,95;18;Aparelho de Som
419;Contoso;Regular;50,56;109,95;19;Aparelho de Som
420;Contoso;Regular;61,62;134;20;Aparelho de Som
421;Contoso;Regular;61,62;134;21;Aparelho de Som
422;Contoso;Regular;61,62;134;22;Aparelho de Som
423;Contoso;Regular;61,62;134;23;Aparelho de Som
424;Contoso;Regular;91,93;199,9;24;Aparelho de Som
425;Contoso;Regular;91,93;199,9;25;Aparelho de Som
426;Contoso;Regular;91,93;199,9;26;Aparelho de Som
427;Contoso;Regular;91,93;199,9;27;Aparelho de Som
428;Contoso;Regular;91,93;199,9;28;Aparelho de Som
429;Contoso;Regular;84,49;255;29;Aparelho de Som
430;Contoso;Regular;84,49;255;30;Aparelho de Som
431;Contoso;Regular;84,49;255;31;Aparelho de Som
432;Contoso;Regular;84,49;255;32;Aparelho de Som
433;Contoso;Regular;84,49;255;33;Aparelho de Som
434;Contoso;Regular;48,92;95,95;34;Aparelho de Som
435;Contoso;Regular;48,92;95,95;35;Aparelho de Som
436;Contoso;Regular;48,92;95,95;36;Aparelho de Som
437;Contoso;Regular;106,69;232;41;Aparelho de Som
438;Contoso;Regular;106,69;232;42;Aparelho de Som
439;Contoso;Regular;106,69;232;43;Aparelho de Som
440;Contoso;Regular;106,69;232;44;Aparelho de Som
441;Contoso;Regular;106,69;232;45;Aparelho de Som
442;Contoso;Regular;167,73;329;241;Home Theater
443;Contoso;Regular;294,54;889;242;Home Theater
444;Contoso;Regular;208,52;409;243;Home Theater
445;Contoso;Regular;197,28;429;244;Home Theater
446;Contoso;Regular;224,87;489;245;Home Theater
447;Contoso;Regular;167,73;329;246;Home Theater
448;Contoso;Regular;155,89;339;247;Home Theater
449;Contoso;Regular;183,49;399;248;Home Theater
450;Contoso;Regular;243,27;529;250;Home Theater
451;Contoso;Regular;244,72;480;251;Home Theater
452;Contoso;Regular;183,54;360;252;Home Theater
453;Contoso;Regular;167,73;329;254;Home Theater
454;Contoso;Regular;294,54;889;255;Home Theater
455;Contoso;Regular;208,52;409;256;Home Theater
456;Contoso;Regular;197,28;429;257;Home Theater
457;Contoso;Regular;224,87;489;258;Home Theater
458;Contoso;Regular;167,73;329;259;Home Theater
459;Contoso;Regular;155,89;339;260;Home Theater
460;Contoso;Regular;183,49;399;261;Home Theater
461;Contoso;Regular;243,27;529;263;Home Theater
462;Contoso;Regular;244,72;480;264;Home Theater
463;Contoso;Regular;183,54;360;265;Home Theater
464;Contoso;Regular;167,73;329;267;Home Theater
465;Contoso;Regular;294,54;889;268;Home Theater
466;Contoso;Regular;208,52;409;269;Home Theater
467;Contoso;Regular;197,28;429;270;Home Theater
468;Contoso;Regular;224,87;489;271;Home Theater
469;Contoso;Regular;167,73;329;272;Home Theater
470;Contoso;Regular;155,89;339;273;Home Theater
471;Contoso;Regular;183,49;399;274;Home Theater
472;Contoso;Regular;243,27;529;276;Home Theater
473;Contoso;Regular;244,72;480;277;Home Theater
474;Contoso;Regular;183,54;360;278;Home Theater
475;Contoso;Regular;167,73;329;280;Home Theater
476;Contoso;Regular;294,54;889;281;Home Theater
477;Contoso;Regular;208,52;409;282;Home Theater
478;Contoso;Regular;197,28;429;283;Home Theater
479;Contoso;Regular;224,87;489;284;Home Theater
480;Contoso;Regular;167,73;329;285;Home Theater
481;Contoso;Regular;155,89;339;286;Home Theater
482;Contoso;Regular;183,49;399;287;Home Theater
483;Contoso;Regular;243,27;529;289;Home Theater
484;Contoso;Regular;244,72;480;290;Home Theater
485;Contoso;Regular;183,54;360;291;Home Theater
486;Contoso;Regular;157,73;343;1102;Câmera Digital SLR
487;Contoso;Regular;164,63;358;1103;Câmera Digital SLR
488;Contoso;Regular;141,47;427;1104;Câmera Digital SLR
489;Contoso;Regular;188,19;568;1105;Câmera Digital SLR
490;Contoso;Regular;164,63;358;1107;Câmera Digital SLR
491;Contoso;Regular;133,36;290;1466;Smartphone
492;Contoso;Regular;138,42;301;1467;Smartphone
493;Contoso;Regular;117,73;256;1459;Smartphone
494;Contoso;Regular;137,96;300;1460;Smartphone
495;Contoso;Regular;141,64;308;1461;Smartphone
496;Contoso;Regular;123,24;268;1462;Smartphone
497;Contoso;Regular;134,74;293;1463;Smartphone
498;Contoso;Regular;118,65;258;1464;Smartphone
499;Contoso;Regular;321,44;699;577;Projetor
500;Contoso;Regular;459,4;999;578;Projetor
501;Contoso;Regular;116,75;229;579;Projetor
502;Contoso;Regular;254,4;499;580;Projetor
503;Contoso;Regular;152,08;459;581;Projetor
504;Contoso;Regular;137,5;299;582;Projetor
505;Contoso;Regular;83,16;251;583;Projetor
506;Contoso;Regular;321,44;699;589;Projetor
507;Contoso;Regular;459,4;999;590;Projetor
508;Contoso;Regular;116,75;229;591;Projetor
509;Contoso;Regular;254,4;499;592;Projetor
510;Contoso;Regular;152,08;459;593;Projetor
511;Contoso;Regular;137,5;299;594;Projetor
512;Contoso;Regular;83,16;251;595;Projetor
513;Contoso;Regular;321,44;699;601;Projetor
514;Contoso;Regular;459,4;999;602;Projetor
515;Contoso;Regular;116,75;229;603;Projetor
516;Contoso;Regular;254,4;499;604;Projetor
517;Contoso;Regular;152,08;459;605;Projetor
518;Contoso;Regular;137,5;299;606;Projetor
519;Contoso;Regular;83,16;251;607;Projetor
520;Contoso;Regular;188,19;568;1077;Câmera Digital SLR
521;Contoso;Regular;164,63;358;1079;Câmera Digital SLR
522;Contoso;Regular;188,19;568;1081;Câmera Digital SLR
523;Contoso;Regular;164,63;358;1083;Câmera Digital SLR
524;Contoso;Regular;188,19;568;1085;Câmera Digital SLR
525;Contoso;Regular;164,63;358;1087;Câmera Digital SLR
526;Contoso;Regular;188,19;568;1089;Câmera Digital SLR
527;Contoso;Regular;152,68;332;1090;Câmera Digital SLR
528;Contoso;Regular;164,63;358;1091;Câmera Digital SLR
529;Contoso;Regular;188,19;568;1093;Câmera Digital SLR
530;Contoso;Regular;152,68;332;1094;Câmera Digital SLR
531;Contoso;Regular;164,63;358;1095;Câmera Digital SLR
532;Contoso;Regular;188,19;568;1097;Câmera Digital SLR
533;Contoso;Regular;157,73;343;1098;Câmera Digital SLR
534;Contoso;Regular;164,63;358;1099;Câmera Digital SLR
535;Contoso;Regular;188,19;568;1101;Câmera Digital SLR
536;Contoso;Regular;26,21;56,99;1616;Filme DVD
537;Contoso;Regular;26,67;57,99;1617;Filme DVD
538;Contoso;Regular;27,13;58,99;1618;Filme DVD
539;Contoso;Regular;27,59;59,99;1619;Filme DVD
540;Contoso;Regular;28,05;60,99;1620;Filme DVD
541;Contoso;Regular;8,27;17,99;1627;Filme DVD
542;Contoso;Regular;6,39;13,89;1628;Filme DVD
543;Contoso;Regular;5,82;12,66;1631;Filme DVD
544;Contoso;Regular;8,27;17,99;1632;Filme DVD
545;Contoso;Regular;6,39;13,89;1633;Filme DVD
546;Contoso;Regular;5,82;12,66;1636;Filme DVD
547;Contoso;Regular;8,27;17,99;1637;Filme DVD
548;Contoso;Regular;6,39;13,89;1638;Filme DVD
549;Contoso;Regular;5,82;12,66;1641;Filme DVD
550;Contoso;Regular;26,62;57,88;1642;Filme DVD
551;Contoso;Regular;26,62;57,88;1643;Filme DVD
552;Contoso;Regular;26,62;57,88;1644;Filme DVD
553;Contoso;Regular;26,62;57,88;1645;Filme DVD
554;Contoso;Regular;73,57;159,99;1646;Filme DVD
555;Contoso;Regular;82,77;179,99;1647;Filme DVD
556;Contoso;Regular;73,57;159,99;1651;Filme DVD
557;Contoso;Regular;82,77;179,99;1652;Filme DVD
558;Contoso;Regular;73,57;159,99;1656;Filme DVD
559;Contoso;Regular;82,77;179,99;1657;Filme DVD
560;Wide World Importers;Luxo;98,07;296;53;Caneta Gravadora
561;Wide World Importers;Luxo;98,07;296;54;Caneta Gravadora
562;Wide World Importers;Luxo;98,07;296;55;Caneta Gravadora
563;Wide World Importers;Luxo;98,07;296;56;Caneta Gravadora
564;Wide World Importers;Luxo;82,83;249,99;111;Fone de Ouvido Bluetooth
565;Wide World Importers;Luxo;82,83;249,99;112;Fone de Ouvido Bluetooth
566;Wide World Importers;Luxo;82,83;249,99;113;Fone de Ouvido Bluetooth
567;Wide World Importers;Luxo;82,83;249,99;114;Fone de Ouvido Bluetooth
568;Wide World Importers;Luxo;82,83;249,99;115;Fone de Ouvido Bluetooth
569;Adventure Works;Luxo;960,82;2899,99;145;Televisão
570;Adventure Works;Luxo;960,82;2899,99;146;Televisão
571;Adventure Works;Luxo;960,82;2899,99;147;Televisão
572;Adventure Works;Luxo;960,82;2899,99;148;Televisão
573;Adventure Works;Luxo;527,53;1592,2;161;Televisão
574;Adventure Works;Luxo;527,53;1592,2;162;Televisão
575;Adventure Works;Luxo;527,53;1592,2;163;Televisão
576;Adventure Works;Luxo;527,53;1592,2;164;Televisão
577;Southridge Video;Luxo;55,99;169;172;DVD
578;Southridge Video;Luxo;55,99;169;185;DVD
579;Litware;Luxo;367,43;1109;204;Home Theater
580;Litware;Luxo;367,43;1109;220;Home Theater
581;Litware;Luxo;367,43;1109;236;Home Theater
582;Wide World Importers;Luxo;827,97;2499;634;Projetor
583;A. Datum;Luxo;96,08;290;950;Câmera Digital
584;A. Datum;Luxo;143,26;281;951;Câmera Digital
585;The Phone Company;Luxo;142,56;310;1521;Tablet
586;The Phone Company;Luxo;125,9;380;1522;Tablet
587;The Phone Company;Luxo;151,76;330;1524;Tablet
588;The Phone Company;Luxo;133,19;402;1525;Tablet
589;The Phone Company;Luxo;100,06;302;1528;Tablet
590;The Phone Company;Luxo;128,88;389;1531;Tablet
591;Fabrikam;Luxo;530,11;1600;1156;Câmera e Filmadora
592;Fabrikam;Luxo;523,49;1580;1157;Câmera e Filmadora
593;Fabrikam;Luxo;516,86;1560;1158;Câmera e Filmadora
594;Fabrikam;Luxo;503,61;1520;1159;Câmera e Filmadora
595;Adventure Works;Luxo;321,05;969;428;Desktop
596;Adventure Works;Luxo;321,05;969;433;Desktop
597;Proseware;Luxo;75,54;228;690;Impressora, Scanner & Fax
598;Proseware;Luxo;78,19;236;691;Impressora, Scanner & Fax
599;Proseware;Luxo;82,17;248;692;Impressora, Scanner & Fax
600;Proseware;Luxo;75,87;229;693;Impressora, Scanner & Fax
601;A. Datum;Luxo;96,08;290;978;Câmera Digital
602;A. Datum;Luxo;143,26;281;979;Câmera Digital
603;Southridge Video;Luxo;330,99;999;302;Sistema Audivisual para Carro
604;Southridge Video;Luxo;287,92;869;303;Sistema Audivisual para Carro
605;Southridge Video;Luxo;330,99;999;318;Sistema Audivisual para Carro
606;Southridge Video;Luxo;287,92;869;319;Sistema Audivisual para Carro
607;Wide World Importers;Luxo;304,48;919;450;Desktop
608;Wide World Importers;Luxo;304,48;919;455;Desktop
609;Proseware;Luxo;271,35;819;461;Monitor
610;Proseware;Luxo;287,92;869;462;Monitor
611;Fabrikam;Luxo;213,7;645;1112;Câmera Digital SLR
612;Wide World Importers;Luxo;271,35;819;517;Monitor
613;Wide World Importers;Luxo;287,92;869;518;Monitor
614;The Phone Company;Luxo;142,56;310;1489;Tablet
615;Southridge Video;Luxo;330,99;999;334;Sistema Audivisual para Carro
616;Southridge Video;Luxo;287,92;869;335;Sistema Audivisual para Carro
617;Adventure Works;Luxo;430,38;1299;362;Laptop
618;Adventure Works;Luxo;430,38;1299;368;Laptop
619;Adventure Works;Luxo;430,38;1299;374;Laptop
620;Wide World Importers;Luxo;760,38;2295;622;Projetor
621;Wide World Importers;Luxo;827,97;2499;623;Projetor
622;Wide World Importers;Luxo;760,38;2295;633;Projetor
623;Adventure Works;Luxo;430,38;1299;380;Laptop
624;Adventure Works;Luxo;430,38;1299;386;Laptop
625;Wide World Importers;Luxo;430,38;1299;390;Laptop
626;Wide World Importers;Luxo;430,38;1299;396;Laptop
627;Wide World Importers;Luxo;430,38;1299;402;Laptop
628;Proseware;Luxo;430,38;1299;404;Laptop
629;Proseware;Luxo;430,38;1299;410;Laptop
630;Adventure Works;Luxo;321,05;969;416;Desktop
631;Adventure Works;Luxo;321,05;969;422;Desktop
632;Wide World Importers;Luxo;304,48;919;438;Desktop
633;Wide World Importers;Luxo;304,48;919;444;Desktop
634;Proseware;Luxo;271,35;819;475;Monitor
635;Proseware;Luxo;287,92;869;476;Monitor
636;Adventure Works;Luxo;271,35;819;489;Monitor
637;Adventure Works;Luxo;287,92;869;490;Monitor
638;Adventure Works;Luxo;271,35;819;503;Monitor
639;Adventure Works;Luxo;287,92;869;504;Monitor
640;Wide World Importers;Luxo;271,35;819;528;Monitor
641;Wide World Importers;Luxo;287,92;869;529;Monitor
642;Proseware;Luxo;760,38;2295;539;Projetor
643;Proseware;Luxo;827,97;2499;540;Projetor
644;Proseware;Luxo;760,38;2295;551;Projetor
645;Proseware;Luxo;827,97;2499;552;Projetor
646;Proseware;Luxo;760,38;2295;563;Projetor
647;Proseware;Luxo;827,97;2499;564;Projetor
648;Wide World Importers;Luxo;760,38;2295;611;Projetor
649;Wide World Importers;Luxo;827,97;2499;612;Projetor
650;Proseware;Luxo;75,54;228;661;Impressora, Scanner & Fax
651;Proseware;Luxo;78,19;236;662;Impressora, Scanner & Fax
652;Proseware;Luxo;82,17;248;663;Impressora, Scanner & Fax
653;Proseware;Luxo;75,87;229;664;Impressora, Scanner & Fax
654;Proseware;Luxo;75,54;228;719;Impressora, Scanner & Fax
655;Proseware;Luxo;78,19;236;720;Impressora, Scanner & Fax
656;Proseware;Luxo;82,17;248;721;Impressora, Scanner & Fax
657;Proseware;Luxo;75,87;229;722;Impressora, Scanner & Fax
658;Proseware;Luxo;75,54;228;738;Impressora, Scanner & Fax
659;Proseware;Luxo;78,19;236;739;Impressora, Scanner & Fax
660;Proseware;Luxo;82,17;248;740;Impressora, Scanner & Fax
661;Proseware;Luxo;75,87;229;741;Impressora, Scanner & Fax
662;Southridge Video;Luxo;59,31;179;915;Acessório para Computador
663;Southridge Video;Luxo;59,31;179;916;Acessório para Computador
664;Southridge Video;Luxo;59,31;179;917;Acessório para Computador
665;Southridge Video;Luxo;59,31;179;918;Acessório para Computador
666;A. Datum;Luxo;96,08;290;964;Câmera Digital
667;A. Datum;Luxo;143,26;281;965;Câmera Digital
668;A. Datum;Luxo;96,08;290;992;Câmera Digital
669;A. Datum;Luxo;143,26;281;993;Câmera Digital
670;A. Datum;Luxo;96,08;290;1006;Câmera Digital
671;A. Datum;Luxo;143,26;281;1007;Câmera Digital
672;A. Datum;Luxo;96,08;290;1020;Câmera Digital
673;A. Datum;Luxo;143,26;281;1021;Câmera Digital
674;A. Datum;Luxo;96,08;290;1034;Câmera Digital
675;A. Datum;Luxo;143,26;281;1035;Câmera Digital
676;Fabrikam;Luxo;213,7;645;1116;Câmera Digital SLR
677;Fabrikam;Luxo;217,68;657;1120;Câmera Digital SLR
678;Fabrikam;Luxo;530,11;1600;1180;Câmera e Filmadora
679;Fabrikam;Luxo;523,49;1580;1181;Câmera e Filmadora
680;Fabrikam;Luxo;516,86;1560;1182;Câmera e Filmadora
681;Fabrikam;Luxo;503,61;1520;1183;Câmera e Filmadora
682;Fabrikam;Luxo;530,11;1600;1204;Câmera e Filmadora
683;Fabrikam;Luxo;523,49;1580;1205;Câmera e Filmadora
684;Fabrikam;Luxo;516,86;1560;1206;Câmera e Filmadora
685;Fabrikam;Luxo;503,61;1520;1207;Câmera e Filmadora
686;The Phone Company;Luxo;175,27;529;1425;Smartphone
687;The Phone Company;Luxo;195,15;589;1426;Smartphone
688;Fabrikam;Luxo;217,68;657;1124;Câmera Digital SLR
689;Fabrikam;Luxo;536,74;1620;1228;Câmera e Filmadora
690;Fabrikam;Luxo;516,86;1560;1229;Câmera e Filmadora
691;Fabrikam;Luxo;506,92;1530;1230;Câmera e Filmadora
692;Fabrikam;Luxo;496,98;1500;1231;Câmera e Filmadora
693;The Phone Company;Luxo;133,19;402;1543;Tablet
694;The Phone Company;Luxo;100,06;302;1546;Tablet
695;The Phone Company;Luxo;128,88;389;1549;Tablet
696;The Phone Company;Luxo;131,87;398;1552;Tablet
697;The Phone Company;Luxo;131,87;398;1570;Tablet
698;Southridge Video;Luxo;72,56;219;1577;Filme DVD
699;Southridge Video;Luxo;72,56;219;1578;Filme DVD
700;Southridge Video;Luxo;72,56;219;1579;Filme DVD
701;Southridge Video;Luxo;72,56;219;1580;Filme DVD
702;Southridge Video;Luxo;72,56;219;1581;Filme DVD
703;Southridge Video;Luxo;7,58;22,89;1585;Filme DVD
704;Southridge Video;Luxo;7,58;22,89;1590;Filme DVD
705;Southridge Video;Luxo;7,58;22,89;1595;Filme DVD
706;The Phone Company;Luxo;142,56;310;1479;Tablet
707;The Phone Company;Luxo;175,27;529;1408;Smartphone
708;The Phone Company;Luxo;195,15;589;1409;Smartphone
709;The Phone Company;Luxo;175,27;529;1442;Smartphone
710;The Phone Company;Luxo;195,15;589;1443;Smartphone
711;The Phone Company;Luxo;142,56;310;1499;Tablet
712;The Phone Company;Luxo;142,56;310;1509;Tablet
713;The Phone Company;Luxo;142,56;310;1519;Tablet
714;The Phone Company;Luxo;131,87;398;1534;Tablet
715;The Phone Company;Luxo;121,93;368;1537;Tablet
716;The Phone Company;Luxo;142,56;310;1539;Tablet
717;The Phone Company;Luxo;125,9;380;1540;Tablet
718;The Phone Company;Luxo;151,76;330;1542;Tablet
719;The Phone Company;Luxo;121,93;368;1555;Tablet
720;The Phone Company;Luxo;142,56;310;1557;Tablet
721;The Phone Company;Luxo;125,9;380;1558;Tablet
722;The Phone Company;Luxo;151,76;330;1560;Tablet
723;The Phone Company;Luxo;133,19;402;1561;Tablet
724;The Phone Company;Luxo;100,06;302;1564;Tablet
725;The Phone Company;Luxo;128,88;389;1567;Tablet
726;Southridge Video;Luxo;86,14;259,99;1604;Filme DVD
727;Southridge Video;Luxo;96,08;289,99;1605;Filme DVD
728;Southridge Video;Luxo;86,14;259,99;1609;Filme DVD
729;Southridge Video;Luxo;96,08;289,99;1610;Filme DVD
730;Southridge Video;Luxo;86,14;259,99;1614;Filme DVD
731;Southridge Video;Luxo;96,08;289,99;1615;Filme DVD
732;Wide World Importers;Econômico;76,45;149,95;46;Caneta Gravadora
733;Wide World Importers;Econômico;76,45;149,95;47;Caneta Gravadora
734;Wide World Importers;Econômico;76,45;149,95;48;Caneta Gravadora
735;Wide World Importers;Econômico;79,53;156;57;Caneta Gravadora
736;Wide World Importers;Econômico;79,53;156;58;Caneta Gravadora
737;Wide World Importers;Econômico;79,53;156;59;Caneta Gravadora
738;Wide World Importers;Econômico;79,53;156;60;Caneta Gravadora
739;Northwind Traders;Econômico;13,1;25,69;66;Fone de Ouvido Bluetooth
740;Northwind Traders;Econômico;13,1;25,69;67;Fone de Ouvido Bluetooth
741;Northwind Traders;Econômico;13,1;25,69;68;Fone de Ouvido Bluetooth
742;Northwind Traders;Econômico;13,1;25,69;69;Fone de Ouvido Bluetooth
743;Northwind Traders;Econômico;22,05;47,95;70;Fone de Ouvido Bluetooth
744;Northwind Traders;Econômico;22,05;47,95;71;Fone de Ouvido Bluetooth
745;Northwind Traders;Econômico;22,05;47,95;72;Fone de Ouvido Bluetooth
746;Northwind Traders;Econômico;22,05;47,95;73;Fone de Ouvido Bluetooth
747;Northwind Traders;Econômico;17,45;37,95;74;Fone de Ouvido Bluetooth
748;Northwind Traders;Econômico;17,45;37,95;75;Fone de Ouvido Bluetooth
749;Northwind Traders;Econômico;17,45;37,95;76;Fone de Ouvido Bluetooth
750;Northwind Traders;Econômico;17,45;37,95;77;Fone de Ouvido Bluetooth
751;Northwind Traders;Econômico;18,65;40,55;78;Fone de Ouvido Bluetooth
752;Northwind Traders;Econômico;18,65;40,55;79;Fone de Ouvido Bluetooth
753;Northwind Traders;Econômico;18,65;40,55;80;Fone de Ouvido Bluetooth
754;Northwind Traders;Econômico;18,65;40,55;81;Fone de Ouvido Bluetooth
755;Northwind Traders;Econômico;18,65;40,55;82;Fone de Ouvido Bluetooth
756;Wide World Importers;Econômico;34,36;67,4;93;Fone de Ouvido Bluetooth
757;Wide World Importers;Econômico;34,36;67,4;94;Fone de Ouvido Bluetooth
758;Wide World Importers;Econômico;34,36;67,4;95;Fone de Ouvido Bluetooth
759;Wide World Importers;Econômico;34,36;67,4;96;Fone de Ouvido Bluetooth
760;Wide World Importers;Econômico;34,36;67,4;97;Fone de Ouvido Bluetooth
761;Adventure Works;Econômico;86,67;169,99;116;Televisão
762;Adventure Works;Econômico;86,67;169,99;117;Televisão
763;Adventure Works;Econômico;86,67;169,99;118;Televisão
764;Adventure Works;Econômico;61,17;119,99;119;Televisão
765;Adventure Works;Econômico;61,17;119,99;120;Televisão
766;Adventure Works;Econômico;61,17;119,99;121;Televisão
767;Adventure Works;Econômico;73,11;143,4;125;Televisão
768;Adventure Works;Econômico;73,11;143,4;126;Televisão
769;Adventure Works;Econômico;73,11;143,4;127;Televisão
770;Adventure Works;Econômico;73,11;143,4;128;Televisão
771;Adventure Works;Econômico;101,97;200;129;Televisão
772;Adventure Works;Econômico;101,97;200;130;Televisão
773;Adventure Works;Econômico;101,97;200;131;Televisão
774;Adventure Works;Econômico;101,97;200;132;Televisão
775;Southridge Video;Econômico;35,18;69;167;DVD
776;Southridge Video;Econômico;45,53;99;171;DVD
777;Southridge Video;Econômico;45,83;89,9;173;DVD
778;Southridge Video;Econômico;29,01;56,9;177;DVD
779;Southridge Video;Econômico;33,65;66;178;DVD
780;Southridge Video;Econômico;35,18;69;180;DVD
781;Southridge Video;Econômico;45,53;99;184;DVD
782;Southridge Video;Econômico;45,83;89,9;186;DVD
783;Southridge Video;Econômico;29,01;56,9;190;DVD
784;Southridge Video;Econômico;33,65;66;191;DVD
785;Litware;Econômico;152,44;299;194;Home Theater
786;Litware;Econômico;137,6;269,9;196;Home Theater
787;Litware;Econômico;152,9;299,9;197;Home Theater
788;Litware;Econômico;152,44;299;210;Home Theater
789;Litware;Econômico;137,6;269,9;212;Home Theater
790;Litware;Econômico;152,9;299,9;213;Home Theater
791;Litware;Econômico;152,44;299;226;Home Theater
792;Litware;Econômico;137,6;269,9;228;Home Theater
793;Litware;Econômico;152,9;299,9;229;Home Theater
794;Southridge Video;Econômico;30,58;59,99;891;Acessório para Computador
795;Southridge Video;Econômico;30,58;59,99;892;Acessório para Computador
796;Southridge Video;Econômico;30,58;59,99;893;Acessório para Computador
797;Southridge Video;Econômico;30,58;59,99;894;Acessório para Computador
798;Southridge Video;Econômico;21,28;41,73;895;Acessório para Computador
799;Southridge Video;Econômico;21,28;41,73;896;Acessório para Computador
800;Southridge Video;Econômico;21,28;41,73;897;Acessório para Computador
801;Southridge Video;Econômico;21,28;41,73;898;Acessório para Computador
802;Proseware;Econômico;40,28;79;644;Impressora, Scanner & Fax
803;Proseware;Econômico;44,36;87;647;Impressora, Scanner & Fax
804;Proseware;Econômico;40,28;79;648;Impressora, Scanner & Fax
805;Proseware;Econômico;46,39;91;649;Impressora, Scanner & Fax
806;Proseware;Econômico;39,77;78;650;Impressora, Scanner & Fax
807;A. Datum;Econômico;75,88;165;947;Câmera Digital
808;Southridge Video;Econômico;22,43;44;902;Acessório para Computador
809;Southridge Video;Econômico;38,74;75,99;903;Acessório para Computador
810;Southridge Video;Econômico;38,74;75,99;904;Acessório para Computador
811;Southridge Video;Econômico;38,74;75,99;905;Acessório para Computador
812;Southridge Video;Econômico;38,74;75,99;906;Acessório para Computador
813;Southridge Video;Econômico;52;102;907;Acessório para Computador
814;Southridge Video;Econômico;52;102;908;Acessório para Computador
815;Southridge Video;Econômico;52;102;909;Acessório para Computador
816;Southridge Video;Econômico;52;102;910;Acessório para Computador
817;Fabrikam;Econômico;91,77;180;1164;Câmera e Filmadora
818;Fabrikam;Econômico;86,67;170;1165;Câmera e Filmadora
819;Fabrikam;Econômico;84,12;165;1166;Câmera e Filmadora
820;Fabrikam;Econômico;81,57;160;1167;Câmera e Filmadora
821;Southridge Video;Econômico;142,24;279;327;Sistema Audivisual para Carro
822;Southridge Video;Econômico;132,05;259;328;Sistema Audivisual para Carro
823;Southridge Video;Econômico;137,14;269;329;Sistema Audivisual para Carro
824;Southridge Video;Econômico;101,46;199;331;Sistema Audivisual para Carro
825;Southridge Video;Econômico;111,65;219;332;Sistema Audivisual para Carro
826;Southridge Video;Econômico;17,33;33,99;927;Acessório para Computador
827;Southridge Video;Econômico;17,33;33,99;928;Acessório para Computador
828;Southridge Video;Econômico;17,33;33,99;929;Acessório para Computador
829;Southridge Video;Econômico;17,33;33,99;930;Acessório para Computador
830;Southridge Video;Econômico;28,04;55;931;Acessório para Computador
831;Southridge Video;Econômico;28,04;55;932;Acessório para Computador
832;Southridge Video;Econômico;28,04;55;933;Acessório para Computador
833;Southridge Video;Econômico;50,47;99;938;Acessório para Computador
834;Southridge Video;Econômico;50,47;99;939;Acessório para Computador
835;Southridge Video;Econômico;50,47;99;940;Acessório para Computador
836;Southridge Video;Econômico;21,41;41,99;941;Acessório para Computador
837;Southridge Video;Econômico;21,41;41,99;942;Acessório para Computador
838;Southridge Video;Econômico;21,41;41,99;943;Acessório para Computador
839;A. Datum;Econômico;59,32;129;944;Câmera Digital
840;A. Datum;Econômico;68,06;148;946;Câmera Digital
841;A. Datum;Econômico;59,32;129;958;Câmera Digital
842;A. Datum;Econômico;68,06;148;960;Câmera Digital
843;Adventure Works;Econômico;137,63;269,95;430;Desktop
844;Adventure Works;Econômico;137,63;269,95;435;Desktop
845;Proseware;Econômico;40,28;79;677;Impressora, Scanner & Fax
846;Proseware;Econômico;46,39;91;678;Impressora, Scanner & Fax
847;Proseware;Econômico;39,77;78;679;Impressora, Scanner & Fax
848;Proseware;Econômico;52;102;694;Impressora, Scanner & Fax
849;A. Datum;Econômico;59,32;129;972;Câmera Digital
850;A. Datum;Econômico;68,06;148;974;Câmera Digital
851;A. Datum;Econômico;75,88;165;975;Câmera Digital
852;A. Datum;Econômico;59,32;129;986;Câmera Digital
853;A. Datum;Econômico;68,06;148;988;Câmera Digital
854;A. Datum;Econômico;75,88;165;989;Câmera Digital
855;Fabrikam;Econômico;91,77;180;1212;Câmera e Filmadora
856;Fabrikam;Econômico;86,67;170;1213;Câmera e Filmadora
857;Fabrikam;Econômico;84,12;165;1214;Câmera e Filmadora
858;Fabrikam;Econômico;81,57;160;1215;Câmera e Filmadora
859;Southridge Video;Econômico;142,24;279;295;Sistema Audivisual para Carro
860;Southridge Video;Econômico;132,05;259;296;Sistema Audivisual para Carro
861;Southridge Video;Econômico;137,14;269;297;Sistema Audivisual para Carro
862;Southridge Video;Econômico;101,46;199;299;Sistema Audivisual para Carro
863;Southridge Video;Econômico;111,65;219;300;Sistema Audivisual para Carro
864;Southridge Video;Econômico;142,24;279;311;Sistema Audivisual para Carro
865;Southridge Video;Econômico;132,05;259;312;Sistema Audivisual para Carro
866;Southridge Video;Econômico;137,14;269;313;Sistema Audivisual para Carro
867;Southridge Video;Econômico;101,46;199;315;Sistema Audivisual para Carro
868;Southridge Video;Econômico;111,65;219;316;Sistema Audivisual para Carro
869;Wide World Importers;Econômico;117,21;229,9;447;Desktop
870;Wide World Importers;Econômico;137,6;269,9;448;Desktop
871;Wide World Importers;Econômico;112,14;219,95;452;Desktop
872;Wide World Importers;Econômico;117,21;229,9;453;Desktop
873;Wide World Importers;Econômico;137,6;269,9;454;Desktop
874;Wide World Importers;Econômico;112,14;219,95;457;Desktop
875;Wide World Importers;Econômico;117,21;229,9;458;Desktop
876;Wide World Importers;Econômico;137,6;269,9;459;Desktop
877;Wide World Importers;Econômico;152,9;299,9;460;Desktop
878;Proseware;Econômico;63,92;139;467;Monitor
879;Fabrikam;Econômico;138,88;302;1110;Câmera Digital SLR
880;Fabrikam;Econômico;150,84;328;1111;Câmera Digital SLR
881;Adventure Works;Econômico;22,86;69;514;Monitor
882;Adventure Works;Econômico;30,08;59;515;Monitor
883;Adventure Works;Econômico;29,82;90;516;Monitor
884;Wide World Importers;Econômico;70,87;139;523;Monitor
885;The Phone Company;Econômico;65,77;129;1470;Tablet
886;The Phone Company;Econômico;86,91;189;1457;Smartphone
887;The Phone Company;Econômico;91,97;200;1458;Smartphone
888;The Phone Company;Econômico;65,77;129;1490;Tablet
889;Fabrikam;Econômico;171,3;336;351;Laptop
890;Fabrikam;Econômico;163,15;320;352;Laptop
891;Fabrikam;Econômico;168,24;330;357;Laptop
892;Fabrikam;Econômico;166,2;326;358;Laptop
893;Adventure Works;Econômico;166,2;326;367;Laptop
894;Adventure Works;Econômico;166,2;326;373;Laptop
895;Adventure Works;Econômico;166,2;326;379;Laptop
896;Wide World Importers;Econômico;87,37;190;620;Projetor
897;Wide World Importers;Econômico;70,87;139;621;Projetor
898;Wide World Importers;Econômico;87,37;190;631;Projetor
899;Wide World Importers;Econômico;70,87;139;632;Projetor
900;Adventure Works;Econômico;166,2;326;385;Laptop
901;Wide World Importers;Econômico;166,2;326;395;Laptop
902;Wide World Importers;Econômico;166,2;326;401;Laptop
903;Proseware;Econômico;166,2;326;409;Laptop
904;Proseware;Econômico;166,2;326;415;Laptop
905;Adventure Works;Econômico;137,63;269,95;418;Desktop
906;Adventure Works;Econômico;137,63;269,95;424;Desktop
907;Wide World Importers;Econômico;112,14;219,95;440;Desktop
908;Wide World Importers;Econômico;117,21;229,9;441;Desktop
909;Wide World Importers;Econômico;137,6;269,9;442;Desktop
910;Wide World Importers;Econômico;112,14;219,95;446;Desktop
911;Proseware;Econômico;50,47;99;469;Monitor
912;Proseware;Econômico;65,77;129;470;Monitor
913;Proseware;Econômico;50,47;99;471;Monitor
914;Proseware;Econômico;35,18;69;472;Monitor
915;Proseware;Econômico;30,08;59;473;Monitor
916;Proseware;Econômico;24,98;49;474;Monitor
917;Proseware;Econômico;63,92;139;481;Monitor
918;Proseware;Econômico;50,47;99;483;Monitor
919;Proseware;Econômico;65,77;129;484;Monitor
920;Proseware;Econômico;50,47;99;485;Monitor
921;Proseware;Econômico;35,18;69;486;Monitor
922;Proseware;Econômico;30,08;59;487;Monitor
923;Proseware;Econômico;24,98;49;488;Monitor
924;Adventure Works;Econômico;70,87;139;495;Monitor
925;Adventure Works;Econômico;50,47;99;497;Monitor
926;Adventure Works;Econômico;65,77;129;498;Monitor
927;Adventure Works;Econômico;50,47;99;499;Monitor
928;Adventure Works;Econômico;22,86;69;500;Monitor
929;Adventure Works;Econômico;30,08;59;501;Monitor
930;Adventure Works;Econômico;29,82;90;502;Monitor
931;Adventure Works;Econômico;70,87;139;509;Monitor
932;Adventure Works;Econômico;50,47;99;511;Monitor
933;Adventure Works;Econômico;65,77;129;512;Monitor
934;Adventure Works;Econômico;50,47;99;513;Monitor
935;Wide World Importers;Econômico;50,47;99;525;Monitor
936;Wide World Importers;Econômico;65,77;129;526;Monitor
937;Wide World Importers;Econômico;50,47;99;527;Monitor
938;Wide World Importers;Econômico;70,87;139;534;Monitor
939;Wide World Importers;Econômico;50,47;99;536;Monitor
940;Wide World Importers;Econômico;65,77;129;537;Monitor
941;Wide World Importers;Econômico;50,47;99;538;Monitor
942;Proseware;Econômico;87,37;190;548;Projetor
943;Proseware;Econômico;70,87;139;549;Projetor
944;Proseware;Econômico;55,57;109;550;Projetor
945;Proseware;Econômico;87,37;190;560;Projetor
946;Proseware;Econômico;70,87;139;561;Projetor
947;Proseware;Econômico;55,57;109;562;Projetor
948;Proseware;Econômico;87,37;190;572;Projetor
949;Proseware;Econômico;70,87;139;573;Projetor
950;Proseware;Econômico;55,57;109;574;Projetor
951;Proseware;Econômico;52;102;665;Impressora, Scanner & Fax
952;Proseware;Econômico;40,28;79;673;Impressora, Scanner & Fax
953;Proseware;Econômico;44,36;87;676;Impressora, Scanner & Fax
954;Proseware;Econômico;40,28;79;702;Impressora, Scanner & Fax
955;Proseware;Econômico;44,36;87;705;Impressora, Scanner & Fax
956;Proseware;Econômico;40,28;79;706;Impressora, Scanner & Fax
957;Proseware;Econômico;46,39;91;707;Impressora, Scanner & Fax
958;Proseware;Econômico;39,77;78;708;Impressora, Scanner & Fax
959;Proseware;Econômico;52;102;723;Impressora, Scanner & Fax
960;Proseware;Econômico;52;102;742;Impressora, Scanner & Fax
961;Southridge Video;Econômico;22,43;44;899;Acessório para Computador
962;Southridge Video;Econômico;22,43;44;900;Acessório para Computador
963;Southridge Video;Econômico;22,43;44;901;Acessório para Computador
964;Southridge Video;Econômico;0,48;0,95;919;Acessório para Computador
965;Southridge Video;Econômico;0,48;0,95;920;Acessório para Computador
966;Southridge Video;Econômico;0,48;0,95;921;Acessório para Computador
967;Southridge Video;Econômico;0,48;0,95;922;Acessório para Computador
968;Southridge Video;Econômico;1,01;1,99;923;Acessório para Computador
969;Southridge Video;Econômico;1,01;1,99;924;Acessório para Computador
970;Southridge Video;Econômico;1,01;1,99;925;Acessório para Computador
971;Southridge Video;Econômico;1,01;1,99;926;Acessório para Computador
972;A. Datum;Econômico;75,88;165;961;Câmera Digital
973;A. Datum;Econômico;59,32;129;1000;Câmera Digital
974;A. Datum;Econômico;68,06;148;1002;Câmera Digital
975;A. Datum;Econômico;75,88;165;1003;Câmera Digital
976;A. Datum;Econômico;59,32;129;1014;Câmera Digital
977;A. Datum;Econômico;68,06;148;1016;Câmera Digital
978;A. Datum;Econômico;75,88;165;1017;Câmera Digital
979;A. Datum;Econômico;59,32;129;1028;Câmera Digital
980;A. Datum;Econômico;68,06;148;1030;Câmera Digital
981;A. Datum;Econômico;75,88;165;1031;Câmera Digital
982;A. Datum;Econômico;143,48;312;1046;Câmera Digital SLR
983;A. Datum;Econômico;143,48;312;1050;Câmera Digital SLR
984;A. Datum;Econômico;143,48;312;1054;Câmera Digital SLR
985;A. Datum;Econômico;143,48;312;1058;Câmera Digital SLR
986;A. Datum;Econômico;143,48;312;1062;Câmera Digital SLR
987;A. Datum;Econômico;143,48;312;1066;Câmera Digital SLR
988;A. Datum;Econômico;143,48;312;1070;Câmera Digital SLR
989;A. Datum;Econômico;143,48;312;1074;Câmera Digital SLR
990;Fabrikam;Econômico;150,84;328;1115;Câmera Digital SLR
991;Fabrikam;Econômico;150,84;328;1119;Câmera Digital SLR
992;Fabrikam;Econômico;150,84;328;1123;Câmera Digital SLR
993;Fabrikam;Econômico;91,77;180;1188;Câmera e Filmadora
994;Fabrikam;Econômico;86,67;170;1189;Câmera e Filmadora
995;Fabrikam;Econômico;84,12;165;1190;Câmera e Filmadora
996;Fabrikam;Econômico;81,57;160;1191;Câmera e Filmadora
997;The Phone Company;Econômico;86,91;189;1423;Smartphone
998;The Phone Company;Econômico;91,97;200;1424;Smartphone
999;Fabrikam;Econômico;150,84;328;1127;Câmera Digital SLR
1000;Fabrikam;Econômico;146,7;319;1130;Câmera Digital SLR
1001;Fabrikam;Econômico;150,84;328;1131;Câmera Digital SLR
1002;Fabrikam;Econômico;146,7;319;1134;Câmera Digital SLR
1003;Fabrikam;Econômico;150,84;328;1135;Câmera Digital SLR
1004;Fabrikam;Econômico;150,84;328;1139;Câmera Digital SLR
1005;Fabrikam;Econômico;150,84;328;1143;Câmera Digital SLR
1006;Fabrikam;Econômico;95,85;188;1236;Câmera e Filmadora
1007;Fabrikam;Econômico;90,75;178;1237;Câmera e Filmadora
1008;Fabrikam;Econômico;85,65;168;1238;Câmera e Filmadora
1009;Fabrikam;Econômico;80,55;158;1239;Câmera e Filmadora
1010;Fabrikam;Econômico;95,85;188;1243;Câmera e Filmadora
1011;Fabrikam;Econômico;90,75;178;1244;Câmera e Filmadora
1012;Fabrikam;Econômico;85,65;168;1245;Câmera e Filmadora
1013;Fabrikam;Econômico;80,55;158;1246;Câmera e Filmadora
1014;The Phone Company;Econômico;65,77;129;1480;Tablet
1015;Southridge Video;Econômico;6,62;12,99;1576;Filme DVD
1016;Southridge Video;Econômico;5,09;9,99;1584;Filme DVD
1017;Southridge Video;Econômico;5,09;9,99;1589;Filme DVD
1018;Southridge Video;Econômico;5,09;9,99;1594;Filme DVD
1019;The Phone Company;Econômico;91,51;199;1420;Smartphone
1020;The Phone Company;Econômico;91,51;199;1437;Smartphone
1021;The Phone Company;Econômico;86,91;189;1440;Smartphone
1022;The Phone Company;Econômico;91,97;200;1441;Smartphone
1023;The Phone Company;Econômico;91,51;199;1454;Smartphone
1024;The Phone Company;Econômico;65,77;129;1500;Tablet
1025;The Phone Company;Econômico;65,77;129;1510;Tablet
1026;Southridge Video;Econômico;56,08;109,99;1603;Filme DVD
1027;Southridge Video;Econômico;56,08;109,99;1608;Filme DVD
1028;Southridge Video;Econômico;56,08;109,99;1613;Filme DVD
1029;Wide World Importers;Regular;91,95;199,95;49;Caneta Gravadora
1030;Wide World Importers;Regular;91,95;199,95;50;Caneta Gravadora
1031;Wide World Importers;Regular;91,95;199,95;51;Caneta Gravadora
1032;Wide World Importers;Regular;91,95;199,95;52;Caneta Gravadora
1033;Wide World Importers;Regular;83,24;181;61;Caneta Gravadora
1034;Wide World Importers;Regular;83,24;181;62;Caneta Gravadora
1035;Wide World Importers;Regular;83,24;181;63;Caneta Gravadora
1036;Wide World Importers;Regular;83,24;181;64;Caneta Gravadora
1037;Wide World Importers;Regular;83,24;181;65;Caneta Gravadora
1038;Northwind Traders;Regular;45,98;99,99;83;Fone de Ouvido Bluetooth
1039;Northwind Traders;Regular;45,98;99,99;84;Fone de Ouvido Bluetooth
1040;Northwind Traders;Regular;45,98;99,99;85;Fone de Ouvido Bluetooth
1041;Northwind Traders;Regular;45,98;99,99;86;Fone de Ouvido Bluetooth
1042;Northwind Traders;Regular;45,98;99,99;87;Fone de Ouvido Bluetooth
1043;Northwind Traders;Regular;49,69;149,99;88;Fone de Ouvido Bluetooth
1044;Northwind Traders;Regular;49,69;149,99;89;Fone de Ouvido Bluetooth
1045;Northwind Traders;Regular;49,69;149,99;90;Fone de Ouvido Bluetooth
1046;Northwind Traders;Regular;49,69;149,99;91;Fone de Ouvido Bluetooth
1047;Northwind Traders;Regular;49,69;149,99;92;Fone de Ouvido Bluetooth
1048;Wide World Importers;Regular;55,18;120;98;Fone de Ouvido Bluetooth
1049;Wide World Importers;Regular;55,18;120;99;Fone de Ouvido Bluetooth
1050;Wide World Importers;Regular;55,18;120;100;Fone de Ouvido Bluetooth
1051;Wide World Importers;Regular;55,18;120;101;Fone de Ouvido Bluetooth
1052;Wide World Importers;Regular;52,88;115;102;Fone de Ouvido Bluetooth
1053;Wide World Importers;Regular;52,88;115;103;Fone de Ouvido Bluetooth
1054;Wide World Importers;Regular;52,88;115;104;Fone de Ouvido Bluetooth
1055;Wide World Importers;Regular;52,88;115;105;Fone de Ouvido Bluetooth
1056;Wide World Importers;Regular;61,16;132,99;106;Fone de Ouvido Bluetooth
1057;Wide World Importers;Regular;61,16;132,99;107;Fone de Ouvido Bluetooth
1058;Wide World Importers;Regular;61,16;132,99;108;Fone de Ouvido Bluetooth
1059;Wide World Importers;Regular;61,16;132,99;109;Fone de Ouvido Bluetooth
1060;Wide World Importers;Regular;61,16;132,99;110;Fone de Ouvido Bluetooth
1061;Adventure Works;Regular;128,76;279,99;122;Televisão
1062;Adventure Works;Regular;128,76;279,99;123;Televisão
1063;Adventure Works;Regular;128,76;279,99;124;Televisão
1064;Adventure Works;Regular;160,93;349,95;133;Televisão
1065;Adventure Works;Regular;160,93;349,95;134;Televisão
1066;Adventure Works;Regular;160,93;349,95;135;Televisão
1067;Adventure Works;Regular;160,93;349,95;136;Televisão
1068;Adventure Works;Regular;229,93;499,99;137;Televisão
1069;Adventure Works;Regular;229,93;499,99;138;Televisão
1070;Adventure Works;Regular;229,93;499,99;139;Televisão
1071;Adventure Works;Regular;229,93;499,99;140;Televisão
1072;Adventure Works;Regular;152,94;299,99;141;Televisão
1073;Adventure Works;Regular;152,94;299,99;142;Televisão
1074;Adventure Works;Regular;152,94;299,99;143;Televisão
1075;Adventure Works;Regular;152,94;299,99;144;Televisão
1076;Adventure Works;Regular;392,6;1184,97;149;Televisão
1077;Adventure Works;Regular;392,6;1184,97;150;Televisão
1078;Adventure Works;Regular;392,6;1184,97;151;Televisão
1079;Adventure Works;Regular;392,6;1184,97;152;Televisão
1080;Adventure Works;Regular;216,12;469,97;153;Televisão
1081;Adventure Works;Regular;216,12;469,97;154;Televisão
1082;Adventure Works;Regular;216,12;469,97;155;Televisão
1083;Adventure Works;Regular;216,12;469,97;156;Televisão
1084;Adventure Works;Regular;505,85;1099,99;157;Televisão
1085;Adventure Works;Regular;505,85;1099,99;158;Televisão
1086;Adventure Works;Regular;505,85;1099,99;159;Televisão
1087;Adventure Works;Regular;505,85;1099,99;160;Televisão
1088;Adventure Works;Regular;389,26;763,51;165;Televisão
1089;Southridge Video;Regular;54,72;119;166;DVD
1090;Southridge Video;Regular;59,32;129;168;DVD
1091;Southridge Video;Regular;54,72;119;169;DVD
1092;Southridge Video;Regular;50,13;109;170;DVD
1093;Southridge Video;Regular;43,04;129,9;174;DVD
1094;Southridge Video;Regular;53,76;116,9;175;DVD
1095;Southridge Video;Regular;58,36;126,9;176;DVD
1096;Southridge Video;Regular;54,72;119;179;DVD
1097;Southridge Video;Regular;59,32;129;181;DVD
1098;Southridge Video;Regular;54,72;119;182;DVD
1099;Southridge Video;Regular;50,13;109;183;DVD
1100;Southridge Video;Regular;43,04;129,9;187;DVD
1101;Southridge Video;Regular;53,76;116,9;188;DVD
1102;Southridge Video;Regular;58,36;126,9;189;DVD
1103;Litware;Regular;275,46;599;192;Home Theater
1104;Litware;Regular;321,44;699;193;Home Theater
1105;Litware;Regular;293,85;639;195;Home Theater
1106;Litware;Regular;275,46;599;198;Home Theater
1107;Litware;Regular;261,66;569;199;Home Theater
1108;Litware;Regular;252,47;549;200;Home Theater
1109;Litware;Regular;321,44;699;201;Home Theater
1110;Litware;Regular;316,85;689;202;Home Theater
1111;Litware;Regular;264,72;799;203;Home Theater
1112;Litware;Regular;275,46;599;205;Home Theater
1113;Litware;Regular;261,66;569;206;Home Theater
1114;Litware;Regular;266,26;579;207;Home Theater
1115;Litware;Regular;275,46;599;208;Home Theater
1116;Litware;Regular;321,44;699;209;Home Theater
1117;Litware;Regular;293,85;639;211;Home Theater
1118;Litware;Regular;275,46;599;214;Home Theater
1119;Litware;Regular;261,66;569;215;Home Theater
1120;Litware;Regular;252,47;549;216;Home Theater
1121;Litware;Regular;321,44;699;217;Home Theater
1122;Litware;Regular;316,85;689;218;Home Theater
1123;Litware;Regular;264,72;799;219;Home Theater
1124;Litware;Regular;275,46;599;221;Home Theater
1125;Litware;Regular;261,66;569;222;Home Theater
1126;Litware;Regular;266,26;579;223;Home Theater
1127;Litware;Regular;275,46;599;224;Home Theater
1128;Litware;Regular;321,44;699;225;Home Theater
1129;Litware;Regular;293,85;639;227;Home Theater
1130;Litware;Regular;275,46;599;230;Home Theater
1131;Litware;Regular;261,66;569;231;Home Theater
1132;Litware;Regular;252,47;549;232;Home Theater
1133;Litware;Regular;321,44;699;233;Home Theater
1134;Litware;Regular;316,85;689;234;Home Theater
1135;Litware;Regular;264,72;799;235;Home Theater
1136;Litware;Regular;275,46;599;237;Home Theater
1137;Litware;Regular;261,66;569;238;Home Theater
1138;Litware;Regular;266,26;579;239;Home Theater
1139;Wide World Importers;Regular;321,44;699;635;Projetor
1140;Wide World Importers;Regular;459,4;999;636;Projetor
1141;Wide World Importers;Regular;116,75;229;637;Projetor
1142;Wide World Importers;Regular;254,4;499;638;Projetor
1143;Wide World Importers;Regular;152,08;459;639;Projetor
1144;Wide World Importers;Regular;99,06;299;640;Projetor
1145;Wide World Importers;Regular;115,43;251;641;Projetor
1146;Proseware;Regular;73,12;159;642;Impressora, Scanner & Fax
1147;Proseware;Regular;77,72;169;643;Impressora, Scanner & Fax
1148;Proseware;Regular;69,25;209;645;Impressora, Scanner & Fax
1149;Proseware;Regular;72,56;219;646;Impressora, Scanner & Fax
1150;Proseware;Regular;53,34;116;651;Impressora, Scanner & Fax
1151;Proseware;Regular;55,64;121;652;Impressora, Scanner & Fax
1152;Proseware;Regular;62,54;136;653;Impressora, Scanner & Fax
1153;Proseware;Regular;59,32;129;654;Impressora, Scanner & Fax
1154;A. Datum;Regular;86,45;188;948;Câmera Digital
1155;A. Datum;Regular;88,79;268;949;Câmera Digital
1156;A. Datum;Regular;84,84;184,5;952;Câmera Digital
1157;A. Datum;Regular;86,68;188,5;953;Câmera Digital
1158;A. Datum;Regular;85,95;186,9;954;Câmera Digital
1159;A. Datum;Regular;90,55;196,9;955;Câmera Digital
1160;A. Datum;Regular;91,05;198;956;Câmera Digital
1161;A. Datum;Regular;76,53;231;957;Câmera Digital
1162;The Phone Company;Regular;137,5;299;1523;Tablet
1163;The Phone Company;Regular;109,45;238;1526;Tablet
1164;The Phone Company;Regular;123,24;268;1527;Tablet
1165;The Phone Company;Regular;117,27;255;1529;Tablet
1166;The Phone Company;Regular;122,32;266;1530;Tablet
1167;Southridge Video;Regular;44,1;95,9;911;Acessório para Computador
1168;Southridge Video;Regular;44,1;95,9;912;Acessório para Computador
1169;Southridge Video;Regular;44,1;95,9;913;Acessório para Computador
1170;Southridge Video;Regular;44,1;95,9;914;Acessório para Computador
1171;Fabrikam;Regular;215,15;422;1148;Câmera e Filmadora
1172;Fabrikam;Regular;220,25;432;1149;Câmera e Filmadora
1173;Fabrikam;Regular;209,54;411;1150;Câmera e Filmadora
1174;Fabrikam;Regular;209,03;410;1151;Câmera e Filmadora
1175;Fabrikam;Regular;331,32;1000;1152;Câmera e Filmadora
1176;Fabrikam;Regular;330,99;999;1153;Câmera e Filmadora
1177;Fabrikam;Regular;330,66;998;1154;Câmera e Filmadora
1178;Fabrikam;Regular;324,69;980;1155;Câmera e Filmadora
1179;Fabrikam;Regular;409,28;890;1160;Câmera e Filmadora
1180;Fabrikam;Regular;404,68;880;1161;Câmera e Filmadora
1181;Fabrikam;Regular;395,48;860;1162;Câmera e Filmadora
1182;Fabrikam;Regular;390,88;850;1163;Câmera e Filmadora
1183;Fabrikam;Regular;275,92;600;1168;Câmera e Filmadora
1184;Fabrikam;Regular;260,28;566;1169;Câmera e Filmadora
1185;Southridge Video;Regular;169,69;369;323;Sistema Audivisual para Carro
1186;Southridge Video;Regular;229,93;500;324;Sistema Audivisual para Carro
1187;Southridge Video;Regular;229,47;499;325;Sistema Audivisual para Carro
1188;Southridge Video;Regular;152,44;299;326;Sistema Audivisual para Carro
1189;Southridge Video;Regular;157,54;309;330;Sistema Audivisual para Carro
1190;Southridge Video;Regular;162,64;319;333;Sistema Audivisual para Carro
1191;Southridge Video;Regular;36,33;79;934;Acessório para Computador
1192;Southridge Video;Regular;36,33;79;935;Acessório para Computador
1193;Southridge Video;Regular;36,33;79;936;Acessório para Computador
1194;Southridge Video;Regular;36,33;79;937;Acessório para Computador
1195;A. Datum;Regular;66,26;200;945;Câmera Digital
1196;A. Datum;Regular;66,26;200;959;Câmera Digital
1197;Fabrikam;Regular;291,09;633;1170;Câmera e Filmadora
1198;Fabrikam;Regular;301,21;655;1171;Câmera e Filmadora
1199;Fabrikam;Regular;215,15;422;1172;Câmera e Filmadora
1200;Fabrikam;Regular;220,25;432;1173;Câmera e Filmadora
1201;Fabrikam;Regular;209,54;411;1174;Câmera e Filmadora
1202;Fabrikam;Regular;209,03;410;1175;Câmera e Filmadora
1203;Fabrikam;Regular;331,32;1000;1176;Câmera e Filmadora
1204;Fabrikam;Regular;330,99;999;1177;Câmera e Filmadora
1205;Fabrikam;Regular;330,66;998;1178;Câmera e Filmadora
1206;Fabrikam;Regular;234,52;460;1223;Câmera e Filmadora
1207;Fabrikam;Regular;341,26;1030;1224;Câmera e Filmadora
1208;Adventure Works;Regular;188,13;369;425;Desktop
1209;Adventure Works;Regular;254,86;499,9;426;Desktop
1210;Adventure Works;Regular;215,68;469;427;Desktop
1211;Adventure Works;Regular;275,87;599,9;429;Desktop
1212;Adventure Works;Regular;188,13;369;431;Desktop
1213;Adventure Works;Regular;254,86;499,9;432;Desktop
1214;Adventure Works;Regular;275,46;599;434;Desktop
1215;Adventure Works;Regular;188,13;369;436;Desktop
1216;Proseware;Regular;53,34;116;680;Impressora, Scanner & Fax
1217;Proseware;Regular;55,64;121;681;Impressora, Scanner & Fax
1218;Proseware;Regular;62,54;136;682;Impressora, Scanner & Fax
1219;Proseware;Regular;59,32;129;683;Impressora, Scanner & Fax
1220;Proseware;Regular;73,58;160;684;Impressora, Scanner & Fax
1221;Proseware;Regular;72,66;158;685;Impressora, Scanner & Fax
1222;Proseware;Regular;68,52;149;686;Impressora, Scanner & Fax
1223;Proseware;Regular;69,25;209;687;Impressora, Scanner & Fax
1224;Proseware;Regular;54,26;118;688;Impressora, Scanner & Fax
1225;Proseware;Regular;73,12;159;689;Impressora, Scanner & Fax
1226;Proseware;Regular;74,96;163;695;Impressora, Scanner & Fax
1227;Proseware;Regular;87,37;190;696;Impressora, Scanner & Fax
1228;Proseware;Regular;67,6;147;697;Impressora, Scanner & Fax
1229;Proseware;Regular;86,45;188;698;Impressora, Scanner & Fax
1230;A. Datum;Regular;90,55;196,9;969;Câmera Digital
1231;A. Datum;Regular;91,05;198;970;Câmera Digital
1232;A. Datum;Regular;76,53;231;971;Câmera Digital
1233;A. Datum;Regular;66,26;200;973;Câmera Digital
1234;A. Datum;Regular;86,45;188;976;Câmera Digital
1235;A. Datum;Regular;88,79;268;977;Câmera Digital
1236;A. Datum;Regular;84,84;184,5;980;Câmera Digital
1237;A. Datum;Regular;86,68;188,5;981;Câmera Digital
1238;A. Datum;Regular;85,95;186,9;982;Câmera Digital
1239;A. Datum;Regular;90,55;196,9;983;Câmera Digital
1240;A. Datum;Regular;91,05;198;984;Câmera Digital
1241;A. Datum;Regular;76,53;231;985;Câmera Digital
1242;A. Datum;Regular;66,26;200;987;Câmera Digital
1243;A. Datum;Regular;86,45;188;990;Câmera Digital
1244;Fabrikam;Regular;390,88;850;1211;Câmera e Filmadora
1245;Fabrikam;Regular;285,12;620;1216;Câmera e Filmadora
1246;Fabrikam;Regular;255,68;556;1217;Câmera e Filmadora
1247;Fabrikam;Regular;293,39;638;1218;Câmera e Filmadora
1248;Fabrikam;Regular;305,81;665;1219;Câmera e Filmadora
1249;Fabrikam;Regular;230,44;452;1220;Câmera e Filmadora
1250;Fabrikam;Regular;245,74;482;1221;Câmera e Filmadora
1251;Southridge Video;Regular;229,93;500;292;Sistema Audivisual para Carro
1252;Southridge Video;Regular;229,47;499;293;Sistema Audivisual para Carro
1253;Southridge Video;Regular;152,44;299;294;Sistema Audivisual para Carro
1254;Southridge Video;Regular;157,54;309;298;Sistema Audivisual para Carro
1255;Southridge Video;Regular;162,64;319;301;Sistema Audivisual para Carro
1256;Southridge Video;Regular;321,44;699;304;Sistema Audivisual para Carro
1257;Southridge Video;Regular;151,3;329;305;Sistema Audivisual para Carro
1258;Southridge Video;Regular;169,69;369;306;Sistema Audivisual para Carro
1259;Southridge Video;Regular;169,69;369;307;Sistema Audivisual para Carro
1260;Southridge Video;Regular;229,93;500;308;Sistema Audivisual para Carro
1261;Southridge Video;Regular;229,47;499;309;Sistema Audivisual para Carro
1262;Southridge Video;Regular;152,44;299;310;Sistema Audivisual para Carro
1263;Southridge Video;Regular;157,54;309;314;Sistema Audivisual para Carro
1264;Southridge Video;Regular;162,64;319;317;Sistema Audivisual para Carro
1265;Southridge Video;Regular;321,44;699;320;Sistema Audivisual para Carro
1266;Southridge Video;Regular;151,3;329;321;Sistema Audivisual para Carro
1267;Southridge Video;Regular;169,69;369;322;Sistema Audivisual para Carro
1268;Wide World Importers;Regular;160,49;349;449;Desktop
1269;Wide World Importers;Regular;257,06;559;451;Desktop
1270;Wide World Importers;Regular;257,06;559;456;Desktop
1271;Proseware;Regular;205,09;619;463;Monitor
1272;Proseware;Regular;224,97;679;464;Monitor
1273;Proseware;Regular;119,11;259;465;Monitor
1274;Proseware;Regular;128,3;279;466;Monitor
1275;Fabrikam;Regular;208,4;629;1108;Câmera Digital SLR
1276;Fabrikam;Regular;144,52;436,2;1109;Câmera Digital SLR
1277;Wide World Importers;Regular;205,09;619;519;Monitor
1278;Wide World Importers;Regular;224,97;679;520;Monitor
1279;Wide World Importers;Regular;119,11;259;521;Monitor
1280;Wide World Importers;Regular;128,3;279;522;Monitor
1281;Wide World Importers;Regular;82,32;179;524;Monitor
1282;The Phone Company;Regular;105,31;229;1471;Tablet
1283;The Phone Company;Regular;109,91;239;1472;Tablet
1284;The Phone Company;Regular;123,7;269;1473;Tablet
1285;The Phone Company;Regular;95,65;208;1474;Tablet
1286;The Phone Company;Regular;105,77;230;1475;Tablet
1287;The Phone Company;Regular;132,44;288;1476;Tablet
1288;The Phone Company;Regular;133,36;290;1455;Smartphone
1289;The Phone Company;Regular;138,42;301;1456;Smartphone
1290;The Phone Company;Regular;137,96;300;1488;Tablet
1291;The Phone Company;Regular;105,31;229;1491;Tablet
1292;The Phone Company;Regular;109,91;239;1492;Tablet
1293;The Phone Company;Regular;123,7;269;1493;Tablet
1294;The Phone Company;Regular;95,65;208;1494;Tablet
1295;The Phone Company;Regular;105,77;230;1495;Tablet
1296;The Phone Company;Regular;132,44;288;1496;Tablet
1297;The Phone Company;Regular;122,78;267;1497;Tablet
1298;The Phone Company;Regular;137,96;300;1498;Tablet
1299;Southridge Video;Regular;321,44;699;336;Sistema Audivisual para Carro
1300;Southridge Video;Regular;151,3;329;337;Sistema Audivisual para Carro
1301;Fabrikam;Regular;397,25;1199;338;Laptop
1302;Fabrikam;Regular;404,63;879,9;339;Laptop
1303;Fabrikam;Regular;376,63;819;340;Laptop
1304;Fabrikam;Regular;444,69;967;341;Laptop
1305;Fabrikam;Regular;275,46;599;342;Laptop
1306;Fabrikam;Regular;364,12;1099;343;Laptop
1307;Fabrikam;Regular;186,6;366;344;Laptop
1308;Fabrikam;Regular;321,44;699;345;Laptop
1309;Fabrikam;Regular;303,05;659;346;Laptop
1310;Fabrikam;Regular;269,48;586;347;Laptop
1311;Fabrikam;Regular;348,58;758;348;Laptop
1312;Fabrikam;Regular;195,26;383;349;Laptop
1313;Fabrikam;Regular;203,42;399;350;Laptop
1314;Fabrikam;Regular;196,23;384,9;353;Laptop
1315;Fabrikam;Regular;195,24;382,95;354;Laptop
1316;Fabrikam;Regular;185,32;363,5;355;Laptop
1317;Fabrikam;Regular;210,11;456,9;356;Laptop
1318;Fabrikam;Regular;187,62;368;359;Laptop
1319;Fabrikam;Regular;193,74;380;360;Laptop
1320;Fabrikam;Regular;198,32;389;361;Laptop
1321;Adventure Works;Regular;321,44;699;363;Laptop
1322;Adventure Works;Regular;195,24;382,95;364;Laptop
1323;Adventure Works;Regular;275,46;599;365;Laptop
1324;Adventure Works;Regular;348,58;758;366;Laptop
1325;Adventure Works;Regular;321,44;699;369;Laptop
1326;Adventure Works;Regular;195,24;382,95;370;Laptop
1327;Adventure Works;Regular;275,46;599;371;Laptop
1328;Adventure Works;Regular;348,58;758;372;Laptop
1329;Adventure Works;Regular;321,44;699;375;Laptop
1330;Adventure Works;Regular;195,24;382,95;376;Laptop
1331;Adventure Works;Regular;275,46;599;377;Laptop
1332;Adventure Works;Regular;348,58;758;378;Laptop
1333;Wide World Importers;Regular;459,4;999;614;Projetor
1334;Wide World Importers;Regular;116,75;229;615;Projetor
1335;Wide World Importers;Regular;254,4;499;616;Projetor
1336;Wide World Importers;Regular;152,08;459;617;Projetor
1337;Wide World Importers;Regular;99,06;299;618;Projetor
1338;Wide World Importers;Regular;115,43;251;619;Projetor
1339;Wide World Importers;Regular;321,44;699;624;Projetor
1340;Wide World Importers;Regular;459,4;999;625;Projetor
1341;Wide World Importers;Regular;116,75;229;626;Projetor
1342;Wide World Importers;Regular;254,4;499;627;Projetor
1343;Wide World Importers;Regular;152,08;459;628;Projetor
1344;Wide World Importers;Regular;99,06;299;629;Projetor
1345;Wide World Importers;Regular;115,43;251;630;Projetor
1346;Adventure Works;Regular;321,44;699;381;Laptop
1347;Adventure Works;Regular;195,24;382,95;382;Laptop
1348;Adventure Works;Regular;275,46;599;383;Laptop
1349;Adventure Works;Regular;348,58;758;384;Laptop
1350;Adventure Works;Regular;321,44;699;387;Laptop
1351;Adventure Works;Regular;195,24;382,95;388;Laptop
1352;Adventure Works;Regular;275,46;599;389;Laptop
1353;Wide World Importers;Regular;321,44;699;391;Laptop
1354;Wide World Importers;Regular;195,24;382,95;392;Laptop
1355;Wide World Importers;Regular;275,46;599;393;Laptop
1356;Wide World Importers;Regular;348,58;758;394;Laptop
1357;Wide World Importers;Regular;321,44;699;397;Laptop
1358;Wide World Importers;Regular;195,24;382,95;398;Laptop
1359;Wide World Importers;Regular;275,46;599;399;Laptop
1360;Wide World Importers;Regular;348,58;758;400;Laptop
1361;Wide World Importers;Regular;321,44;699;403;Laptop
1362;Proseware;Regular;321,44;699;405;Laptop
1363;Proseware;Regular;195,24;382,95;406;Laptop
1364;Proseware;Regular;275,46;599;407;Laptop
1365;Proseware;Regular;348,58;758;408;Laptop
1366;Proseware;Regular;321,44;699;411;Laptop
1367;Proseware;Regular;195,24;382,95;412;Laptop
1368;Proseware;Regular;275,46;599;413;Laptop
1369;Proseware;Regular;348,58;758;414;Laptop
1370;Adventure Works;Regular;275,46;599;417;Desktop
1371;Adventure Works;Regular;188,13;369;419;Desktop
1372;Adventure Works;Regular;254,86;499,9;420;Desktop
1373;Adventure Works;Regular;215,68;469;421;Desktop
1374;Adventure Works;Regular;275,46;599;423;Desktop
1375;Adventure Works;Regular;254,86;499,9;437;Desktop
1376;Wide World Importers;Regular;257,06;559;439;Desktop
1377;Wide World Importers;Regular;160,49;349;443;Desktop
1378;Wide World Importers;Regular;257,06;559;445;Desktop
1379;Proseware;Regular;82,32;179;468;Monitor
1380;Proseware;Regular;205,09;619;477;Monitor
1381;Proseware;Regular;224,97;679;478;Monitor
1382;Proseware;Regular;119,11;259;479;Monitor
1383;Proseware;Regular;128,3;279;480;Monitor
1384;Proseware;Regular;82,32;179;482;Monitor
1385;Adventure Works;Regular;205,09;619;491;Monitor
1386;Adventure Works;Regular;224,97;679;492;Monitor
1387;Adventure Works;Regular;119,11;259;493;Monitor
1388;Adventure Works;Regular;128,3;279;494;Monitor
1389;Adventure Works;Regular;82,32;179;496;Monitor
1390;Adventure Works;Regular;205,09;619;505;Monitor
1391;Adventure Works;Regular;224,97;679;506;Monitor
1392;Adventure Works;Regular;119,11;259;507;Monitor
1393;Adventure Works;Regular;128,3;279;508;Monitor
1394;Adventure Works;Regular;82,32;179;510;Monitor
1395;Wide World Importers;Regular;205,09;619;530;Monitor
1396;Wide World Importers;Regular;224,97;679;531;Monitor
1397;Wide World Importers;Regular;119,11;259;532;Monitor
1398;Wide World Importers;Regular;128,3;279;533;Monitor
1399;Wide World Importers;Regular;82,32;179;535;Monitor
1400;Proseware;Regular;321,44;699;541;Projetor
1401;Proseware;Regular;459,4;999;542;Projetor
1402;Proseware;Regular;116,75;229;543;Projetor
1403;Proseware;Regular;254,4;499;544;Projetor
1404;Proseware;Regular;152,08;459;545;Projetor
1405;Proseware;Regular;99,06;299;546;Projetor
1406;Proseware;Regular;115,43;251;547;Projetor
1407;Proseware;Regular;321,44;699;553;Projetor
1408;Proseware;Regular;459,4;999;554;Projetor
1409;Proseware;Regular;116,75;229;555;Projetor
1410;Proseware;Regular;254,4;499;556;Projetor
1411;Proseware;Regular;152,08;459;557;Projetor
1412;Proseware;Regular;99,06;299;558;Projetor
1413;Proseware;Regular;115,43;251;559;Projetor
1414;Proseware;Regular;321,44;699;565;Projetor
1415;Proseware;Regular;459,4;999;566;Projetor
1416;Proseware;Regular;116,75;229;567;Projetor
1417;Proseware;Regular;254,4;499;568;Projetor
1418;Proseware;Regular;152,08;459;569;Projetor
1419;Proseware;Regular;99,06;299;570;Projetor
1420;Proseware;Regular;115,43;251;571;Projetor
1421;Wide World Importers;Regular;321,44;699;613;Projetor
1422;Proseware;Regular;73,58;160;655;Impressora, Scanner & Fax
1423;Proseware;Regular;72,66;158;656;Impressora, Scanner & Fax
1424;Proseware;Regular;68,52;149;657;Impressora, Scanner & Fax
1425;Proseware;Regular;69,25;209;658;Impressora, Scanner & Fax
1426;Proseware;Regular;54,26;118;659;Impressora, Scanner & Fax
1427;Proseware;Regular;73,12;159;660;Impressora, Scanner & Fax
1428;Proseware;Regular;74,96;163;666;Impressora, Scanner & Fax
1429;Proseware;Regular;87,37;190;667;Impressora, Scanner & Fax
1430;Proseware;Regular;67,6;147;668;Impressora, Scanner & Fax
1431;Proseware;Regular;86,45;188;669;Impressora, Scanner & Fax
1432;Proseware;Regular;90,13;196;670;Impressora, Scanner & Fax
1433;Proseware;Regular;73,12;159;671;Impressora, Scanner & Fax
1434;Proseware;Regular;77,72;169;672;Impressora, Scanner & Fax
1435;Proseware;Regular;69,25;209;674;Impressora, Scanner & Fax
1436;Proseware;Regular;72,56;219;675;Impressora, Scanner & Fax
1437;Proseware;Regular;90,13;196;699;Impressora, Scanner & Fax
1438;Proseware;Regular;73,12;159;700;Impressora, Scanner & Fax
1439;Proseware;Regular;77,72;169;701;Impressora, Scanner & Fax
1440;Proseware;Regular;69,25;209;703;Impressora, Scanner & Fax
1441;Proseware;Regular;72,56;219;704;Impressora, Scanner & Fax
1442;Proseware;Regular;53,34;116;709;Impressora, Scanner & Fax
1443;Proseware;Regular;55,64;121;710;Impressora, Scanner & Fax
1444;Proseware;Regular;62,54;136;711;Impressora, Scanner & Fax
1445;Proseware;Regular;59,32;129;712;Impressora, Scanner & Fax
1446;Proseware;Regular;73,58;160;713;Impressora, Scanner & Fax
1447;Proseware;Regular;72,66;158;714;Impressora, Scanner & Fax
1448;Proseware;Regular;68,52;149;715;Impressora, Scanner & Fax
1449;Proseware;Regular;69,25;209;716;Impressora, Scanner & Fax
1450;Proseware;Regular;54,26;118;717;Impressora, Scanner & Fax
1451;Proseware;Regular;73,12;159;718;Impressora, Scanner & Fax
1452;Proseware;Regular;74,96;163;724;Impressora, Scanner & Fax
1453;Proseware;Regular;87,37;190;725;Impressora, Scanner & Fax
1454;Proseware;Regular;67,6;147;726;Impressora, Scanner & Fax
1455;Proseware;Regular;86,45;188;727;Impressora, Scanner & Fax
1456;Proseware;Regular;90,13;196;728;Impressora, Scanner & Fax
1457;Proseware;Regular;55,64;121;729;Impressora, Scanner & Fax
1458;Proseware;Regular;62,54;136;730;Impressora, Scanner & Fax
1459;Proseware;Regular;59,32;129;731;Impressora, Scanner & Fax
1460;Proseware;Regular;73,58;160;732;Impressora, Scanner & Fax
1461;Proseware;Regular;72,66;158;733;Impressora, Scanner & Fax
1462;Proseware;Regular;68,52;149;734;Impressora, Scanner & Fax
1463;Proseware;Regular;69,25;209;735;Impressora, Scanner & Fax
1464;Proseware;Regular;54,26;118;736;Impressora, Scanner & Fax
1465;Proseware;Regular;73,12;159;737;Impressora, Scanner & Fax
1466;A. Datum;Regular;86,45;188;962;Câmera Digital
1467;A. Datum;Regular;88,79;268;963;Câmera Digital
1468;A. Datum;Regular;84,84;184,5;966;Câmera Digital
1469;A. Datum;Regular;86,68;188,5;967;Câmera Digital
1470;A. Datum;Regular;85,95;186,9;968;Câmera Digital
1471;A. Datum;Regular;88,79;268;991;Câmera Digital
1472;A. Datum;Regular;84,84;184,5;994;Câmera Digital
1473;A. Datum;Regular;86,68;188,5;995;Câmera Digital
1474;A. Datum;Regular;85,95;186,9;996;Câmera Digital
1475;A. Datum;Regular;90,55;196,9;997;Câmera Digital
1476;A. Datum;Regular;91,05;198;998;Câmera Digital
1477;A. Datum;Regular;76,53;231;999;Câmera Digital
1478;A. Datum;Regular;66,26;200;1001;Câmera Digital
1479;A. Datum;Regular;86,45;188;1004;Câmera Digital
1480;A. Datum;Regular;88,79;268;1005;Câmera Digital
1481;A. Datum;Regular;84,84;184,5;1008;Câmera Digital
1482;A. Datum;Regular;86,68;188,5;1009;Câmera Digital
1483;A. Datum;Regular;85,95;186,9;1010;Câmera Digital
1484;A. Datum;Regular;90,55;196,9;1011;Câmera Digital
1485;A. Datum;Regular;91,05;198;1012;Câmera Digital
1486;A. Datum;Regular;76,53;231;1013;Câmera Digital
1487;A. Datum;Regular;66,26;200;1015;Câmera Digital
1488;A. Datum;Regular;86,45;188;1018;Câmera Digital
1489;A. Datum;Regular;88,79;268;1019;Câmera Digital
1490;A. Datum;Regular;84,84;184,5;1022;Câmera Digital
1491;A. Datum;Regular;86,68;188,5;1023;Câmera Digital
1492;A. Datum;Regular;85,95;186,9;1024;Câmera Digital
1493;A. Datum;Regular;90,55;196,9;1025;Câmera Digital
1494;A. Datum;Regular;91,05;198;1026;Câmera Digital
1495;A. Datum;Regular;76,53;231;1027;Câmera Digital
1496;A. Datum;Regular;66,26;200;1029;Câmera Digital
1497;A. Datum;Regular;86,45;188;1032;Câmera Digital
1498;A. Datum;Regular;88,79;268;1033;Câmera Digital
1499;A. Datum;Regular;84,84;184,5;1036;Câmera Digital
1500;A. Datum;Regular;86,68;188,5;1037;Câmera Digital
1501;A. Datum;Regular;85,95;186,9;1038;Câmera Digital
1502;A. Datum;Regular;90,55;196,9;1039;Câmera Digital
1503;A. Datum;Regular;91,05;198;1040;Câmera Digital
1504;A. Datum;Regular;76,53;231;1041;Câmera Digital
1505;A. Datum;Regular;91,05;198;1042;Câmera Digital
1506;A. Datum;Regular;76,53;231;1043;Câmera Digital
1507;A. Datum;Regular;207,74;627;1044;Câmera Digital SLR
1508;A. Datum;Regular;194,82;588;1045;Câmera Digital SLR
1509;A. Datum;Regular;155,43;338;1047;Câmera Digital SLR
1510;A. Datum;Regular;141,47;427;1048;Câmera Digital SLR
1511;A. Datum;Regular;194,82;588;1049;Câmera Digital SLR
1512;A. Datum;Regular;155,43;338;1051;Câmera Digital SLR
1513;A. Datum;Regular;207,74;627;1052;Câmera Digital SLR
1514;A. Datum;Regular;194,82;588;1053;Câmera Digital SLR
1515;A. Datum;Regular;155,43;338;1055;Câmera Digital SLR
1516;A. Datum;Regular;207,74;627;1056;Câmera Digital SLR
1517;A. Datum;Regular;194,82;588;1057;Câmera Digital SLR
1518;A. Datum;Regular;155,43;338;1059;Câmera Digital SLR
1519;A. Datum;Regular;207,74;627;1060;Câmera Digital SLR
1520;A. Datum;Regular;194,82;588;1061;Câmera Digital SLR
1521;A. Datum;Regular;155,43;338;1063;Câmera Digital SLR
1522;A. Datum;Regular;207,74;627;1064;Câmera Digital SLR
1523;A. Datum;Regular;194,82;588;1065;Câmera Digital SLR
1524;A. Datum;Regular;155,43;338;1067;Câmera Digital SLR
1525;A. Datum;Regular;141,47;427;1068;Câmera Digital SLR
1526;A. Datum;Regular;194,82;588;1069;Câmera Digital SLR
1527;A. Datum;Regular;155,43;338;1071;Câmera Digital SLR
1528;A. Datum;Regular;141,47;427;1072;Câmera Digital SLR
1529;A. Datum;Regular;194,82;588;1073;Câmera Digital SLR
1530;A. Datum;Regular;155,43;338;1075;Câmera Digital SLR
1531;Fabrikam;Regular;144,52;436,2;1113;Câmera Digital SLR
1532;Fabrikam;Regular;153,59;334;1114;Câmera Digital SLR
1533;Fabrikam;Regular;144,52;436,2;1117;Câmera Digital SLR
1534;Fabrikam;Regular;153,59;334;1118;Câmera Digital SLR
1535;Fabrikam;Regular;144,52;436,2;1121;Câmera Digital SLR
1536;Fabrikam;Regular;152,68;332;1122;Câmera Digital SLR
1537;Fabrikam;Regular;324,69;980;1179;Câmera e Filmadora
1538;Fabrikam;Regular;409,28;890;1184;Câmera e Filmadora
1539;Fabrikam;Regular;404,68;880;1185;Câmera e Filmadora
1540;Fabrikam;Regular;395,48;860;1186;Câmera e Filmadora
1541;Fabrikam;Regular;390,88;850;1187;Câmera e Filmadora
1542;Fabrikam;Regular;275,92;600;1192;Câmera e Filmadora
1543;Fabrikam;Regular;260,28;566;1193;Câmera e Filmadora
1544;Fabrikam;Regular;291,09;633;1194;Câmera e Filmadora
1545;Fabrikam;Regular;301,21;655;1195;Câmera e Filmadora
1546;Fabrikam;Regular;215,15;422;1196;Câmera e Filmadora
1547;Fabrikam;Regular;220,25;432;1197;Câmera e Filmadora
1548;Fabrikam;Regular;209,54;411;1198;Câmera e Filmadora
1549;Fabrikam;Regular;209,03;410;1199;Câmera e Filmadora
1550;Fabrikam;Regular;331,32;1000;1200;Câmera e Filmadora
1551;Fabrikam;Regular;330,99;999;1201;Câmera e Filmadora
1552;Fabrikam;Regular;330,66;998;1202;Câmera e Filmadora
1553;Fabrikam;Regular;324,69;980;1203;Câmera e Filmadora
1554;Fabrikam;Regular;409,28;890;1208;Câmera e Filmadora
1555;Fabrikam;Regular;404,68;880;1209;Câmera e Filmadora
1556;Fabrikam;Regular;395,48;860;1210;Câmera e Filmadora
1557;Fabrikam;Regular;219,74;431;1222;Câmera e Filmadora
1558;The Phone Company;Regular;105,77;230;1427;Smartphone
1559;The Phone Company;Regular;123,24;268;1428;Smartphone
1560;The Phone Company;Regular;132,9;289;1429;Smartphone
1561;The Phone Company;Regular;137,5;299;1430;Smartphone
1562;The Phone Company;Regular;117,73;256;1431;Smartphone
1563;The Phone Company;Regular;137,96;300;1432;Smartphone
1564;The Phone Company;Regular;141,64;308;1433;Smartphone
1565;Fabrikam;Regular;144,52;436,2;1125;Câmera Digital SLR
1566;Fabrikam;Regular;152,68;332;1126;Câmera Digital SLR
1567;Fabrikam;Regular;207,74;627;1128;Câmera Digital SLR
1568;Fabrikam;Regular;144,52;436,2;1129;Câmera Digital SLR
1569;Fabrikam;Regular;207,74;627;1132;Câmera Digital SLR
1570;Fabrikam;Regular;144,52;436,2;1133;Câmera Digital SLR
1571;Fabrikam;Regular;159,2;480,5;1136;Câmera Digital SLR
1572;Fabrikam;Regular;144,52;436,2;1137;Câmera Digital SLR
1573;Fabrikam;Regular;180,22;391,9;1138;Câmera Digital SLR
1574;Fabrikam;Regular;159,2;480,5;1140;Câmera Digital SLR
1575;Fabrikam;Regular;144,52;436,2;1141;Câmera Digital SLR
1576;Fabrikam;Regular;180,22;391,9;1142;Câmera Digital SLR
1577;Fabrikam;Regular;275,92;600;1144;Câmera e Filmadora
1578;Fabrikam;Regular;260,28;566;1145;Câmera e Filmadora
1579;Fabrikam;Regular;291,09;633;1146;Câmera e Filmadora
1580;Fabrikam;Regular;301,21;655;1147;Câmera e Filmadora
1581;Fabrikam;Regular;331,32;1000;1225;Câmera e Filmadora
1582;Fabrikam;Regular;330,99;999;1226;Câmera e Filmadora
1583;Fabrikam;Regular;327,34;988;1227;Câmera e Filmadora
1584;Fabrikam;Regular;408,36;888;1232;Câmera e Filmadora
1585;Fabrikam;Regular;403,76;878;1233;Câmera e Filmadora
1586;Fabrikam;Regular;393,64;856;1234;Câmera e Filmadora
1587;Fabrikam;Regular;385,37;838;1235;Câmera e Filmadora
1588;Fabrikam;Regular;403,76;878;1240;Câmera e Filmadora
1589;Fabrikam;Regular;393,64;856;1241;Câmera e Filmadora
1590;Fabrikam;Regular;385,37;838;1242;Câmera e Filmadora
1591;The Phone Company;Regular;105,31;229;1481;Tablet
1592;The Phone Company;Regular;109,91;239;1482;Tablet
1593;The Phone Company;Regular;123,7;269;1483;Tablet
1594;The Phone Company;Regular;95,65;208;1484;Tablet
1595;The Phone Company;Regular;105,77;230;1485;Tablet
1596;The Phone Company;Regular;132,44;288;1486;Tablet
1597;The Phone Company;Regular;122,78;267;1487;Tablet
1598;The Phone Company;Regular;109,45;238;1544;Tablet
1599;The Phone Company;Regular;123,24;268;1545;Tablet
1600;The Phone Company;Regular;117,27;255;1547;Tablet
1601;The Phone Company;Regular;122,32;266;1548;Tablet
1602;The Phone Company;Regular;128,76;280;1550;Tablet
1603;The Phone Company;Regular;137,5;299;1551;Tablet
1604;The Phone Company;Regular;123,24;268;1553;Tablet
1605;The Phone Company;Regular;128,76;280;1568;Tablet
1606;The Phone Company;Regular;137,5;299;1569;Tablet
1607;Southridge Video;Regular;26,21;56,99;1571;Filme DVD
1608;Southridge Video;Regular;26,67;57,99;1572;Filme DVD
1609;Southridge Video;Regular;27,13;58,99;1573;Filme DVD
1610;Southridge Video;Regular;27,59;59,99;1574;Filme DVD
1611;Southridge Video;Regular;28,05;60,99;1575;Filme DVD
1612;Southridge Video;Regular;8,27;17,99;1582;Filme DVD
1613;Southridge Video;Regular;6,39;13,89;1583;Filme DVD
1614;Southridge Video;Regular;5,82;12,66;1586;Filme DVD
1615;Southridge Video;Regular;8,27;17,99;1587;Filme DVD
1616;Southridge Video;Regular;6,39;13,89;1588;Filme DVD
1617;Southridge Video;Regular;5,82;12,66;1591;Filme DVD
1618;Southridge Video;Regular;8,27;17,99;1592;Filme DVD
1619;Southridge Video;Regular;6,39;13,89;1593;Filme DVD
1620;Southridge Video;Regular;5,82;12,66;1596;Filme DVD
1621;Southridge Video;Regular;26,62;57,88;1597;Filme DVD
1622;Southridge Video;Regular;26,62;57,88;1598;Filme DVD
1623;The Phone Company;Regular;122,78;267;1477;Tablet
1624;The Phone Company;Regular;137,96;300;1478;Tablet
1625;The Phone Company;Regular;105,77;230;1410;Smartphone
1626;The Phone Company;Regular;123,24;268;1411;Smartphone
1627;The Phone Company;Regular;132,9;289;1412;Smartphone
1628;The Phone Company;Regular;137,5;299;1413;Smartphone
1629;The Phone Company;Regular;117,73;256;1414;Smartphone
1630;The Phone Company;Regular;137,96;300;1415;Smartphone
1631;The Phone Company;Regular;141,64;308;1416;Smartphone
1632;The Phone Company;Regular;123,24;268;1417;Smartphone
1633;The Phone Company;Regular;134,74;293;1418;Smartphone
1634;The Phone Company;Regular;118,65;258;1419;Smartphone
1635;The Phone Company;Regular;133,36;290;1421;Smartphone
1636;The Phone Company;Regular;138,42;301;1422;Smartphone
1637;The Phone Company;Regular;123,24;268;1434;Smartphone
1638;The Phone Company;Regular;134,74;293;1435;Smartphone
1639;The Phone Company;Regular;118,65;258;1436;Smartphone
1640;The Phone Company;Regular;133,36;290;1438;Smartphone
1641;The Phone Company;Regular;138,42;301;1439;Smartphone
1642;The Phone Company;Regular;105,77;230;1444;Smartphone
1643;The Phone Company;Regular;123,24;268;1445;Smartphone
1644;The Phone Company;Regular;132,9;289;1446;Smartphone
1645;The Phone Company;Regular;137,5;299;1447;Smartphone
1646;The Phone Company;Regular;117,73;256;1448;Smartphone
1647;The Phone Company;Regular;137,96;300;1449;Smartphone
1648;The Phone Company;Regular;141,64;308;1450;Smartphone
1649;The Phone Company;Regular;123,24;268;1451;Smartphone
1650;The Phone Company;Regular;134,74;293;1452;Smartphone
1651;The Phone Company;Regular;118,65;258;1453;Smartphone
1652;The Phone Company;Regular;105,31;229;1501;Tablet
1653;The Phone Company;Regular;109,91;239;1502;Tablet
1654;The Phone Company;Regular;123,7;269;1503;Tablet
1655;The Phone Company;Regular;95,65;208;1504;Tablet
1656;The Phone Company;Regular;105,77;230;1505;Tablet
1657;The Phone Company;Regular;132,44;288;1506;Tablet
1658;The Phone Company;Regular;122,78;267;1507;Tablet
1659;The Phone Company;Regular;137,96;300;1508;Tablet
1660;The Phone Company;Regular;105,31;229;1511;Tablet
1661;The Phone Company;Regular;109,91;239;1512;Tablet
1662;The Phone Company;Regular;123,7;269;1513;Tablet
1663;The Phone Company;Regular;95,65;208;1514;Tablet
1664;The Phone Company;Regular;105,77;230;1515;Tablet
1665;The Phone Company;Regular;132,44;288;1516;Tablet
1666;The Phone Company;Regular;122,78;267;1517;Tablet
1667;The Phone Company;Regular;137,96;300;1518;Tablet
1668;The Phone Company;Regular;128,76;280;1520;Tablet
1669;The Phone Company;Regular;128,76;280;1532;Tablet
1670;The Phone Company;Regular;137,5;299;1533;Tablet
1671;The Phone Company;Regular;123,24;268;1535;Tablet
1672;The Phone Company;Regular;137,04;298;1536;Tablet
1673;The Phone Company;Regular;128,76;280;1538;Tablet
1674;The Phone Company;Regular;137,5;299;1541;Tablet
1675;The Phone Company;Regular;137,04;298;1554;Tablet
1676;The Phone Company;Regular;128,76;280;1556;Tablet
1677;The Phone Company;Regular;137,5;299;1559;Tablet
1678;The Phone Company;Regular;109,45;238;1562;Tablet
1679;The Phone Company;Regular;123,24;268;1563;Tablet
1680;The Phone Company;Regular;117,27;255;1565;Tablet
1681;The Phone Company;Regular;122,32;266;1566;Tablet
1682;Southridge Video;Regular;26,62;57,88;1599;Filme DVD
1683;Southridge Video;Regular;26,62;57,88;1600;Filme DVD
1684;Southridge Video;Regular;73,57;159,99;1601;Filme DVD
1685;Southridge Video;Regular;82,77;179,99;1602;Filme DVD
1686;Southridge Video;Regular;73,57;159,99;1606;Filme DVD
1687;Southridge Video;Regular;82,77;179,99;1607;Filme DVD
1688;Southridge Video;Regular;73,57;159,99;1611;Filme DVD
1689;Southridge Video;Regular;82,77;179,99;1612;Filme DVD
